id,pert,gene,label
Cbfb_Mmp14,Cbfb,Mmp14,down
Atg9a_Rnf128,Atg9a,Rnf128,up
Psmd13_Creg1,Psmd13,Creg1,up
Ctdspl2_Lrrc8dos,Ctdspl2,Lrrc8dos,none
Rpl26_Stap1,Rpl26,Stap1,none
Emc7_Slamf9,Emc7,Slamf9,none
Atp6ap2_Mir22hg,Atp6ap2,Mir22hg,none
Nckap1l_Adap2,Nckap1l,Adap2,none
Ccdc22_Gpnmb,Ccdc22,Gpnmb,up
Ddx6_Ahnak,Ddx6,Ahnak,none
Wdr1_Chst11,Wdr1,Chst11,up
Myd88_Ckb,Myd88,Ckb,none
Ndc80_Fcgr2b,Ndc80,Fcgr2b,down
Sfpq_Selenow,Sfpq,Selenow,none
Chd4_Lrrc55os,Chd4,Lrrc55os,none
Bloc1s1_Lipa,Bloc1s1,Lipa,up
Rnf40_Akt3,Rnf40,Akt3,up
Chmp3_Akr1a1,Chmp3,Akr1a1,none
Rpl26_Vps54,Rpl26,Vps54,none
Tnfaip3_Glrx,Tnfaip3,Glrx,down
Wdr70_Lmna,Wdr70,Lmna,up
Prpf40a_Tspan13,Prpf40a,Tspan13,up
Rpl35_Fxyd2,Rpl35,Fxyd2,none
Myd88_Dhtkd1,Myd88,Dhtkd1,none
Tnfrsf1a_Fos,Tnfrsf1a,Fos,up
Tnfaip3_Slamf9,Tnfaip3,Slamf9,down
Ifnar1_Gm12758,Ifnar1,Gm12758,none
Pfn1_Calr,Pfn1,Calr,none
Klf6_Anxa2,Klf6,Anxa2,down
Irf2_Idnk,Irf2,Idnk,up
Rps5_Eif5,Rps5,Eif5,up
Hdac3_Cd36,Hdac3,Cd36,up
Wdr1_Tpm2,Wdr1,Tpm2,up
Igbp1_Cxcl2,Igbp1,Cxcl2,up
Qars_Reps1,Qars,Reps1,none
Usp9x_Lgals3,Usp9x,Lgals3,up
Nol10_Etnk1,Nol10,Etnk1,up
Atp6ap2_Lmna,Atp6ap2,Lmna,none
Actl6a_Sqstm1,Actl6a,Sqstm1,up
Med25_Rwdd4a,Med25,Rwdd4a,none
Gosr2_2310009B15Rik,Gosr2,2310009B15Rik,down
Kat5_H2az1,Kat5,H2az1,none
Nrbf2_Gadd45b,Nrbf2,Gadd45b,none
Atg101_Acod1,Atg101,Acod1,none
Daxx_Odc1,Daxx,Odc1,none
Trem2_Psma6,Trem2,Psma6,none
Nol10_Gbp8,Nol10,Gbp8,up
Srsf1_Ifit3,Srsf1,Ifit3,none
Vps39_Pcna,Vps39,Pcna,none
Rhoa_Adgre5,Rhoa,Adgre5,up
Ptpn11_Fnbp1l,Ptpn11,Fnbp1l,none
Cdkn1a_Denr,Cdkn1a,Denr,none
Exoc5_Gclm,Exoc5,Gclm,up
Cpsf4_2310009B15Rik,Cpsf4,2310009B15Rik,up
Gosr2_Pck2,Gosr2,Pck2,up
Tpr_Hipk1,Tpr,Hipk1,none
Nob1_Clec7a,Nob1,Clec7a,none
Rc3h1_Hmox1,Rc3h1,Hmox1,none
Ankrd11_Gpnmb,Ankrd11,Gpnmb,up
Rngtt_Creg1,Rngtt,Creg1,up
Dcaf13_Sqstm1,Dcaf13,Sqstm1,none
Ehmt2_Ifit2,Ehmt2,Ifit2,none
Emc7_Insl6,Emc7,Insl6,none
Pgm3_Gm11613,Pgm3,Gm11613,none
Ppp2r2a_Lix1,Ppp2r2a,Lix1,none
Atf4_Nedd9,Atf4,Nedd9,up
Ubr4_Papss1,Ubr4,Papss1,none
Ctdspl2_C1qb,Ctdspl2,C1qb,down
Kars_Sqstm1,Kars,Sqstm1,none
Uxt_Gls,Uxt,Gls,up
Dpy30_Creg1,Dpy30,Creg1,none
Sptlc1_B4galt5,Sptlc1,B4galt5,up
Wdr1_Fam162a,Wdr1,Fam162a,none
Tpr_Polr2g,Tpr,Polr2g,none
Runx1_Npy,Runx1,Npy,up
Atf4_Gsta3,Atf4,Gsta3,up
Ints1_Selenop,Ints1,Selenop,up
Myd88_Saa3,Myd88,Saa3,down
Rpp21_Hspa5,Rpp21,Hspa5,none
Ptpn11_H2-M2,Ptpn11,H2-M2,up
Stk11_Lgals3,Stk11,Lgals3,none
Rel_Itga4,Rel,Itga4,down
Rheb_Trim30c,Rheb,Trim30c,none
Pdcd10_Ccrl2,Pdcd10,Ccrl2,up
Rps5_Ms4a4c,Rps5,Ms4a4c,none
Rbm15_Tlr2,Rbm15,Tlr2,up
Tpr_Lrp12,Tpr,Lrp12,none
Rps5_Nampt,Rps5,Nampt,up
Eif2s1_Gm49959,Eif2s1,Gm49959,none
Usp7_Gja1,Usp7,Gja1,up
Rnf40_Socs1,Rnf40,Socs1,none
Gins3_Dock10,Gins3,Dock10,none
Wdr75_Tcf4,Wdr75,Tcf4,up
Sars_Atf5,Sars,Atf5,up
Aip_Tgm2,Aip,Tgm2,up
Spc24_Bcat2,Spc24,Bcat2,down
Ttc1_Anxa3,Ttc1,Anxa3,none
Irf2_Selenow,Irf2,Selenow,none
Telo2_Hsp90ab1,Telo2,Hsp90ab1,none
Nkap_Lgals3,Nkap,Lgals3,up
Ptpn11_Ms4a4a,Ptpn11,Ms4a4a,up
Ctdspl2_C3,Ctdspl2,C3,down
Tmem258_Ifitm6,Tmem258,Ifitm6,none
Msto1_Marcks,Msto1,Marcks,none
Rb1_Itpr2,Rb1,Itpr2,none
Pik3r4_Gpnmb,Pik3r4,Gpnmb,up
Myc_Rgs1,Myc,Rgs1,none
Rela_Etnk1,Rela,Etnk1,none
Hira_Bcl2a1d,Hira,Bcl2a1d,down
Hira_Igsf6,Hira,Igsf6,none
Chmp6_Rsad2,Chmp6,Rsad2,up
Nop16_Enpp4,Nop16,Enpp4,up
Spout1_Cd44,Spout1,Cd44,up
Tnfrsf1a_Gm12279,Tnfrsf1a,Gm12279,none
Srsf10_Nop10,Srsf10,Nop10,none
Mcm4_Man1a,Mcm4,Man1a,up
Ctdnep1_9230114K14Rik,Ctdnep1,9230114K14Rik,none
Copz1_Gbf1,Copz1,Gbf1,up
Rb1cc1_Akr1a1,Rb1cc1,Akr1a1,up
Ddb1_Selenop,Ddb1,Selenop,up
Mnt_Zfp281,Mnt,Zfp281,none
Vps72_Vat1,Vps72,Vat1,none
Nfkbiz_Socs7,Nfkbiz,Socs7,none
Pik3r4_Arhgap31,Pik3r4,Arhgap31,none
Cul3_Mmp12,Cul3,Mmp12,up
Pi4kb_Enpp4,Pi4kb,Enpp4,none
Myd88_Psma6,Myd88,Psma6,down
Leng8_Ccnd1,Leng8,Ccnd1,up
Sec63_Mxd1,Sec63,Mxd1,down
Snrnp70_Il6,Snrnp70,Il6,none
Wdr36_Tlk2,Wdr36,Tlk2,none
Txnl4a_Hyal2,Txnl4a,Hyal2,none
E4f1_Gpr84,E4f1,Gpr84,down
Jak1_Irgm1,Jak1,Irgm1,down
Ddb1_Snhg1,Ddb1,Snhg1,none
Ndc80_Folr2,Ndc80,Folr2,none
Pik3c3_Selenow,Pik3c3,Selenow,down
Mcm4_Lrrc25,Mcm4,Lrrc25,none
Dhx15_Lpp,Dhx15,Lpp,none
Tln1_Gm5150,Tln1,Gm5150,up
Snx14_Vegfb,Snx14,Vegfb,up
Atp6v1e1_Alcam,Atp6v1e1,Alcam,up
Spc24_Actb,Spc24,Actb,none
Rrp1_Cd69,Rrp1,Cd69,up
Stag2_Mt1,Stag2,Mt1,up
Rcl1_Cd72,Rcl1,Cd72,none
Rel_Cd72,Rel,Cd72,none
Actr10_Slc25a4,Actr10,Slc25a4,none
Sfpq_Brd2,Sfpq,Brd2,none
Paf1_Gm1673,Paf1,Gm1673,up
Ss18_Fgl2,Ss18,Fgl2,down
Slc33a1_Tram1,Slc33a1,Tram1,up
Trrap_Trim12c,Trrap,Trim12c,up
Rraga_Lrp1,Rraga,Lrp1,none
Ppp2r2a_Fmnl2,Ppp2r2a,Fmnl2,down
Gpn2_Syngr1,Gpn2,Syngr1,up
Orc4_Smpdl3a,Orc4,Smpdl3a,none
Dido1_Mylip,Dido1,Mylip,none
Atg9a_P2ry14,Atg9a,P2ry14,none
Srcap_Timp2,Srcap,Timp2,up
Traf3_Acp5,Traf3,Acp5,up
Wtap_Rdx,Wtap,Rdx,none
Rheb_Ccl2,Rheb,Ccl2,down
Hsp90b1_Ccnd1,Hsp90b1,Ccnd1,up
Gtf2h1_Cotl1,Gtf2h1,Cotl1,none
Kras_Gadd45b,Kras,Gadd45b,up
Gins4_Map3k8,Gins4,Map3k8,none
Dusp1_Alcam,Dusp1,Alcam,none
Actr2_Gde1,Actr2,Gde1,up
Actl6a_Cd36,Actl6a,Cd36,up
Rpl35_AA467197,Rpl35,AA467197,none
Ncbp1_Cd48,Ncbp1,Cd48,down
Dhx15_Gm21188,Dhx15,Gm21188,none
Actr2_Slamf9,Actr2,Slamf9,down
Tirap_Ifitm2,Tirap,Ifitm2,down
Rps26_Cmpk2,Rps26,Cmpk2,up
Ctdnep1_Ifit3b,Ctdnep1,Ifit3b,none
Aip_Cd14,Aip,Cd14,up
Dda1_Plekha3,Dda1,Plekha3,up
Cdc42_Slco4a1,Cdc42,Slco4a1,none
Stk11_Prdx1,Stk11,Prdx1,none
Ptpn2_Tax1bp1,Ptpn2,Tax1bp1,up
Strap_H2aj,Strap,H2aj,up
Rtf1_Parp3,Rtf1,Parp3,none
Egln1_Ero1a,Egln1,Ero1a,up
Ddx6_Folr2,Ddx6,Folr2,up
Eif2s1_Pf4,Eif2s1,Pf4,none
Rps26_Slc25a4,Rps26,Slc25a4,none
Usp9x_Chchd10,Usp9x,Chchd10,up
Ash2l_Clec4n,Ash2l,Clec4n,none
Klf6_Cd36,Klf6,Cd36,up
Fli1_Il2rg,Fli1,Il2rg,down
Acin1_Rabac1,Acin1,Rabac1,none
Fermt3_Adra1a,Fermt3,Adra1a,none
Alg2_Pdia3,Alg2,Pdia3,up
Hsp90ab1_Ms4a4c,Hsp90ab1,Ms4a4c,none
Urm1_Rsad2,Urm1,Rsad2,none
Sptssa_Ms4a6b,Sptssa,Ms4a6b,none
Gosr2_Slamf7,Gosr2,Slamf7,none
Rcl1_Ms4a6b,Rcl1,Ms4a6b,none
Sbno2_Gsr,Sbno2,Gsr,none
Gins2_Saa3,Gins2,Saa3,down
Actl6a_Sdc1,Actl6a,Sdc1,none
Nckap1l_Hsp90b1,Nckap1l,Hsp90b1,none
Irf8_Lmo2,Irf8,Lmo2,up
Mafb_Lgals3,Mafb,Lgals3,none
Eif4a1_Eif5,Eif4a1,Eif5,up
Ppp2r1a_H2-Q7,Ppp2r1a,H2-Q7,up
Ctcf_Fez2,Ctcf,Fez2,none
Setd2_Lpp,Setd2,Lpp,up
Pias1_Osbpl3,Pias1,Osbpl3,none
Rpn1_Gm44190,Rpn1,Gm44190,none
Telo2_Npc1,Telo2,Npc1,none
Eny2_Bcl2l11,Eny2,Bcl2l11,up
Cnot2_Cd69,Cnot2,Cd69,up
Sptlc1_Morrbid,Sptlc1,Morrbid,none
Emc3_Hsd3b7,Emc3,Hsd3b7,none
Xpo1_Lipa,Xpo1,Lipa,none
Gnb2_Gm11613,Gnb2,Gm11613,none
Psmd13_Ccl6,Psmd13,Ccl6,none
Urm1_Ms4a4c,Urm1,Ms4a4c,none
Kdm1a_Fos,Kdm1a,Fos,none
Tcp1_Batf2,Tcp1,Batf2,none
Dohh_Saa3,Dohh,Saa3,none
Prpf40a_Trib3,Prpf40a,Trib3,none
Ndc80_Csf3r,Ndc80,Csf3r,none
Mbd2_Ms4a4c,Mbd2,Ms4a4c,none
Ints9_Ifit3,Ints9,Ifit3,down
Actr6_Cd36,Actr6,Cd36,none
Xpo1_Slc16a6,Xpo1,Slc16a6,up
Ube4b_Tspan13,Ube4b,Tspan13,up
Srrd_Pnp,Srrd,Pnp,none
Leo1_Atp13a2,Leo1,Atp13a2,none
Prdm1_Pld4,Prdm1,Pld4,none
Nob1_Cd72,Nob1,Cd72,none
Gosr2_Zswim4,Gosr2,Zswim4,none
Telo2_Tbrg1,Telo2,Tbrg1,none
Vps4b_Ly6i,Vps4b,Ly6i,none
Brd2_Hcar2,Brd2,Hcar2,none
Dync1i2_Fgd2,Dync1i2,Fgd2,none
Paf1_Itpkb,Paf1,Itpkb,none
Top3a_Npy,Top3a,Npy,none
Rraga_Selenow,Rraga,Selenow,none
Exosc7_Gm57397,Exosc7,Gm57397,up
Pfn1_Mmp12,Pfn1,Mmp12,none
Otud5_Acod1,Otud5,Acod1,none
Top3a_Ckb,Top3a,Ckb,none
Traf6_Urah,Traf6,Urah,up
Syvn1_Lysmd2,Syvn1,Lysmd2,none
Ddx5_Noct,Ddx5,Noct,up
Acin1_Fap,Acin1,Fap,up
Dda1_Timp2,Dda1,Timp2,none
Usp9x_Tpd52l1,Usp9x,Tpd52l1,none
Xpo1_Xpo1,Xpo1,Xpo1,up
Rpl10_Klhl24,Rpl10,Klhl24,none
Gtf2a2_Vcan,Gtf2a2,Vcan,none
Plrg1_Lgals3,Plrg1,Lgals3,up
Wdr48_Cotl1,Wdr48,Cotl1,down
Rpp21_Phgdh,Rpp21,Phgdh,up
Kars_Ccl9,Kars,Ccl9,down
Ube2m_Maf,Ube2m,Maf,none
Dync1h1_Tubb6,Dync1h1,Tubb6,none
Clp1_Ms4a4c,Clp1,Ms4a4c,down
Rpl35_Tcf4,Rpl35,Tcf4,up
Mau2_Rarg,Mau2,Rarg,none
Ddost_Clec4d,Ddost,Clec4d,none
Vps4b_Zfp697,Vps4b,Zfp697,none
Irak4_Lrrc25,Irak4,Lrrc25,down
Exoc5_Fgl2,Exoc5,Fgl2,down
Mafb_Cd44,Mafb,Cd44,none
Taf5l_Nqo1,Taf5l,Nqo1,none
Ube4b_Prdx5,Ube4b,Prdx5,none
Cmtr1_Syngr1,Cmtr1,Syngr1,none
Klf6_Zfyve27,Klf6,Zfyve27,none
Rela_Depdc1a,Rela,Depdc1a,none
Sec62_H2-M2,Sec62,H2-M2,up
Prpf19_Creld2,Prpf19,Creld2,none
Qars_Hipk1,Qars,Hipk1,up
Srcap_Ifrd2,Srcap,Ifrd2,none
Med25_H2az1,Med25,H2az1,up
Ppp6c_Socs3,Ppp6c,Socs3,none
Dda1_Stmn1,Dda1,Stmn1,none
Rtf1_Odc1,Rtf1,Odc1,up
Rela_Il1rn,Rela,Il1rn,none
Vps72_Slc25a4,Vps72,Slc25a4,down
Ankrd11_Plxdc2,Ankrd11,Plxdc2,down
Rhoa_Cyb5r1,Rhoa,Cyb5r1,none
Becn1_Gsta3,Becn1,Gsta3,up
Hyou1_Clec4d,Hyou1,Clec4d,none
Vps72_Npy,Vps72,Npy,up
Wdr5_Nup54,Wdr5,Nup54,none
Il10rb_Ggta1,Il10rb,Ggta1,down
Rps26_Blvrb,Rps26,Blvrb,down
Tyrobp_Selenop,Tyrobp,Selenop,up
Sfpq_Hspa1b,Sfpq,Hspa1b,none
Irf8_Pbxip1,Irf8,Pbxip1,none
Mau2_Lipa,Mau2,Lipa,up
Rae1_Srebf2,Rae1,Srebf2,none
Rbck1_Cmpk2,Rbck1,Cmpk2,none
Rbm14_Scpep1,Rbm14,Scpep1,none
Urm1_Ctsl,Urm1,Ctsl,none
Hyou1_Dclre1b,Hyou1,Dclre1b,none
Ints9_Pck2,Ints9,Pck2,none
Ppp2r1a_Trim30c,Ppp2r1a,Trim30c,up
Sars_Polr3h,Sars,Polr3h,none
Hsp90b1_AA467197,Hsp90b1,AA467197,none
Atp6v1b2_Actb,Atp6v1b2,Actb,down
Rae1_Tmem40,Rae1,Tmem40,none
Mettl3_Atf5,Mettl3,Atf5,none
Pik3r4_Creg1,Pik3r4,Creg1,up
Rpn2_Ddit3,Rpn2,Ddit3,up
Qars_Rnf128,Qars,Rnf128,none
Cbfb_C1qb,Cbfb,C1qb,down
Ubr4_Ahnak,Ubr4,Ahnak,up
Hsp90b1_Ms4a6b,Hsp90b1,Ms4a6b,none
Mapk14_Prdx1,Mapk14,Prdx1,down
Wdr48_Hivep2,Wdr48,Hivep2,none
Bop1_Rsad2,Bop1,Rsad2,up
Snx13_Syngr1,Snx13,Syngr1,up
Pfn1_Fap,Pfn1,Fap,none
Igbp1_Gbp5,Igbp1,Gbp5,none
Rbm15_Calr,Rbm15,Calr,none
Acin1_Il15,Acin1,Il15,none
Gins4_Gls,Gins4,Gls,none
Emc7_Tmcc3,Emc7,Tmcc3,up
Smc3_Prdx1,Smc3,Prdx1,none
Paf1_Ifih1,Paf1,Ifih1,none
Cul3_Gbe1,Cul3,Gbe1,up
Atp6v1e1_Pdia3,Atp6v1e1,Pdia3,none
Cog3_Cxcl2,Cog3,Cxcl2,up
Qars_Trib3,Qars,Trib3,up
Aip_Cd63,Aip,Cd63,none
Junb_Carhsp1,Junb,Carhsp1,down
Ylpm1_Fxyd2,Ylpm1,Fxyd2,up
Rc3h1_Gpr137b,Rc3h1,Gpr137b,none
Slc33a1_Igsf6,Slc33a1,Igsf6,none
Fzr1_Dnajc1,Fzr1,Dnajc1,up
Kat8_Pf4,Kat8,Pf4,up
Rpap2_Lipa,Rpap2,Lipa,up
Mcm4_Gclm,Mcm4,Gclm,none
Chmp5_Taldo1,Chmp5,Taldo1,up
Mettl3_Rcl1,Mettl3,Rcl1,none
Ash2l_Slamf6,Ash2l,Slamf6,none
Ddx6_Gbp8,Ddx6,Gbp8,none
Xpo1_Calr,Xpo1,Calr,none
Arid1a_Asph,Arid1a,Asph,none
Mphosph10_Malt1,Mphosph10,Malt1,none
Cop1_Npm1,Cop1,Npm1,down
Rela_Gpr84,Rela,Gpr84,down
Naa35_Hsp90b1,Naa35,Hsp90b1,none
Cog8_Cxcl1,Cog8,Cxcl1,up
Myd88_Prdx1,Myd88,Prdx1,none
Wdr43_Nampt,Wdr43,Nampt,up
Usp9x_Slamf9,Usp9x,Slamf9,down
Exosc7_Vmp1,Exosc7,Vmp1,up
Rragc_Lipa,Rragc,Lipa,up
Ube2m_Folr2,Ube2m,Folr2,none
Rae1_Rgl1,Rae1,Rgl1,none
Zfp710_Med29,Zfp710,Med29,none
Irf9_Ifit3,Irf9,Ifit3,down
Prdm1_Fgl2,Prdm1,Fgl2,down
Hspa4_Mylip,Hspa4,Mylip,up
Mapk14_Ifnb1,Mapk14,Ifnb1,none
Ash2l_Gpx4,Ash2l,Gpx4,none
Sephs1_Saa3,Sephs1,Saa3,none
Clp1_Selenow,Clp1,Selenow,down
Ogdh_Ahnak,Ogdh,Ahnak,none
Prdm1_Sephs2,Prdm1,Sephs2,none
Snx14_Lmna,Snx14,Lmna,none
Toe1_Nucb2,Toe1,Nucb2,none
Il10ra_Rasgef1b,Il10ra,Rasgef1b,up
Lamtor4_Lhfpl2,Lamtor4,Lhfpl2,up
Elavl1_Syngr1,Elavl1,Syngr1,none
Ikzf1_Ppip5k1,Ikzf1,Ppip5k1,none
Sbno2_Bcl2a1a,Sbno2,Bcl2a1a,none
Ddx5_Cd69,Ddx5,Cd69,none
Exoc5_Clec4n,Exoc5,Clec4n,up
Psmd1_Ckb,Psmd1,Ckb,none
Rragc_Syngr1,Rragc,Syngr1,up
Actr2_Ms4a4c,Actr2,Ms4a4c,none
Fermt3_Rell2,Fermt3,Rell2,none
Nckap1l_Upp1,Nckap1l,Upp1,up
Tyrobp_Prdx4,Tyrobp,Prdx4,down
Cpsf4_Ccdc62,Cpsf4,Ccdc62,up
Zfp36_Hsp90b1,Zfp36,Hsp90b1,none
Trappc1_Lbx2,Trappc1,Lbx2,none
Ctcf_Uchl1,Ctcf,Uchl1,up
Chmp5_Procr,Chmp5,Procr,up
Qars_H2-Q7,Qars,H2-Q7,up
Trappc8_Gbf1,Trappc8,Gbf1,up
Med25_Blvrb,Med25,Blvrb,none
Pi4kb_Tlr2,Pi4kb,Tlr2,up
Rps5_Acod1,Rps5,Acod1,down
Ptpn2_Hsp90b1,Ptpn2,Hsp90b1,none
Wtap_Timp2,Wtap,Timp2,none
Cct2_Gm45822,Cct2,Gm45822,none
Leng8_Spsb2,Leng8,Spsb2,none
Mapk14_Ifitm6,Mapk14,Ifitm6,none
Oxsr1_Sqstm1,Oxsr1,Sqstm1,none
Stag2_Zzef1,Stag2,Zzef1,none
Traf2_P2ry14,Traf2,P2ry14,up
Dpm3_Igf1,Dpm3,Igf1,none
Wdr75_Phlda3,Wdr75,Phlda3,none
Rpl10_Brd2,Rpl10,Brd2,up
Psmg4_Il1a,Psmg4,Il1a,none
Nfyc_Hsp90b1,Nfyc,Hsp90b1,down
Rps26_Gpr84,Rps26,Gpr84,down
Nelfa_Kctd12,Nelfa,Kctd12,up
Meaf6_Gpnmb,Meaf6,Gpnmb,none
Exoc5_Ctnnal1,Exoc5,Ctnnal1,none
Mnt_Exosc5,Mnt,Exosc5,up
Atf4_Slamf9,Atf4,Slamf9,down
Sptssa_Fam111a,Sptssa,Fam111a,none
Msto1_Selenow,Msto1,Selenow,none
Rela_Acod1,Rela,Acod1,down
Rb1cc1_Prdx1,Rb1cc1,Prdx1,up
Rps5_Nhej1,Rps5,Nhej1,none
Cfdp1_Cxcl10,Cfdp1,Cxcl10,up
Spout1_Tcf4,Spout1,Tcf4,up
Prdm1_Aif1,Prdm1,Aif1,none
Smarcd2_Msrb1,Smarcd2,Msrb1,down
Bag6_Lztfl1,Bag6,Lztfl1,none
Ric1_Sec24a,Ric1,Sec24a,up
Cog5_Ccl9,Cog5,Ccl9,none
Smg5_Snhg15,Smg5,Snhg15,up
Ogt_Ctsl,Ogt,Ctsl,none
Gins4_Prdx1,Gins4,Prdx1,none
Leng1_Ifit2,Leng1,Ifit2,none
Trappc1_Car9,Trappc1,Car9,none
Dr1_Fcgr4,Dr1,Fcgr4,up
Ddb1_Oasl1,Ddb1,Oasl1,none
Pias1_Shisa3,Pias1,Shisa3,up
Tnfrsf1a_Cd300lb,Tnfrsf1a,Cd300lb,up
Rps3_Gm8369,Rps3,Gm8369,none
Dido1_Gm11613,Dido1,Gm11613,up
Rae1_Cd5l,Rae1,Cd5l,none
Rbm15_Ebi3,Rbm15,Ebi3,none
Ube2h_Ms4a6b,Ube2h,Ms4a6b,none
Rrp1_Manf,Rrp1,Manf,down
Otud5_Nqo1,Otud5,Nqo1,none
Tubg1_Sqstm1,Tubg1,Sqstm1,none
Snrnp27_S100a6,Snrnp27,S100a6,up
Nrbf2_Gclm,Nrbf2,Gclm,up
Ss18_Piezo1,Ss18,Piezo1,none
Cog5_Rnf128,Cog5,Rnf128,none
Msto1_Cxcl14,Msto1,Cxcl14,up
Kat5_S100a6,Kat5,S100a6,down
Actr2_Ccrl2,Actr2,Ccrl2,up
Suz12_Cxcl14,Suz12,Cxcl14,up
Strap_Creg1,Strap,Creg1,none
Med20_Saa3,Med20,Saa3,down
Orc4_Oser1,Orc4,Oser1,none
Junb_Polr2g,Junb,Polr2g,none
Prpf40a_Cd48,Prpf40a,Cd48,down
Atxn7l3_Il1rn,Atxn7l3,Il1rn,none
Alg2_Igf1,Alg2,Igf1,none
Aip_Rapgef5,Aip,Rapgef5,none
Suz12_H2-Ab1,Suz12,H2-Ab1,up
Ptpa_Slamf9,Ptpa,Slamf9,none
Mau2_Trem2,Mau2,Trem2,up
Tnfaip3_Sqstm1,Tnfaip3,Sqstm1,up
Ehmt2_Prdx1,Ehmt2,Prdx1,none
Hyou1_Saa3,Hyou1,Saa3,none
Axin1_Ccl7,Axin1,Ccl7,up
Tbk1_Rsad2,Tbk1,Rsad2,none
Vps72_Carhsp1,Vps72,Carhsp1,none
Cct4_Msrb1,Cct4,Msrb1,down
Srsf10_Resf1,Srsf10,Resf1,none
Dhx15_Marcksl1,Dhx15,Marcksl1,none
Nfkbiz_Mtdh,Nfkbiz,Mtdh,down
Zfp36_Lztfl1,Zfp36,Lztfl1,down
Ctdnep1_Ccl4,Ctdnep1,Ccl4,down
Rbbp6_Cotl1,Rbbp6,Cotl1,none
Gspt1_Cd300a,Gspt1,Cd300a,up
Eif1ad_Clec4n,Eif1ad,Clec4n,none
Smarcd2_Hmox1,Smarcd2,Hmox1,none
Dpm3_Clec4a1,Dpm3,Clec4a1,none
Sec63_Lrmda,Sec63,Lrmda,none
Vhl_Map2k6,Vhl,Map2k6,none
Eftud2_Gapdh,Eftud2,Gapdh,none
Exoc5_Saa3,Exoc5,Saa3,none
Actl6a_Ifi27,Actl6a,Ifi27,up
Prpf6_Ppp1r10,Prpf6,Ppp1r10,up
Telo2_Cd63,Telo2,Cd63,none
Ylpm1_Cd81,Ylpm1,Cd81,up
Mettl3_Clec4n,Mettl3,Clec4n,up
Gpn2_Il7r,Gpn2,Il7r,none
Kars_Cd72,Kars,Cd72,down
Arih1_Gan,Arih1,Gan,down
Pafah1b1_Mir22hg,Pafah1b1,Mir22hg,none
Uvrag_Cst7,Uvrag,Cst7,none
Telo2_Mmp12,Telo2,Mmp12,up
Cpsf4_Slc13a3,Cpsf4,Slc13a3,none
Kras_Racgap1,Kras,Racgap1,none
Vps33a_Rell1,Vps33a,Rell1,none
Tpr_S100a10,Tpr,S100a10,up
Rpp21_Asns,Rpp21,Asns,up
Pfn1_Ifi205,Pfn1,Ifi205,none
Traf2_Gclm,Traf2,Gclm,none
Abi1_Ccrl2,Abi1,Ccrl2,up
Heatr1_Cfp,Heatr1,Cfp,down
Wdr75_Npy,Wdr75,Npy,none
Tpt1_Ms4a6b,Tpt1,Ms4a6b,down
Il10rb_Cd69,Il10rb,Cd69,none
Mta2_Slc16a3,Mta2,Slc16a3,none
Tgif1_Fcgr2b,Tgif1,Fcgr2b,none
Rae1_Tent5a,Rae1,Tent5a,up
Dda1_Dgkd,Dda1,Dgkd,up
Wdr75_Clybl,Wdr75,Clybl,none
Pi4kb_Mir22hg,Pi4kb,Mir22hg,up
Ctcf_Slamf7,Ctcf,Slamf7,down
2310011J03Rik_Cmpk2,2310011J03Rik,Cmpk2,none
Chmp6_Ric3,Chmp6,Ric3,none
Ncbp1_Tspan13,Ncbp1,Tspan13,up
Oxsr1_6530402F18Rik,Oxsr1,6530402F18Rik,none
Kat5_Atf5,Kat5,Atf5,none
Actr10_Gpnmb,Actr10,Gpnmb,up
Rbm15_Litaf,Rbm15,Litaf,none
Ptpn11_Higd1a,Ptpn11,Higd1a,none
Mta2_Hspa1b,Mta2,Hspa1b,up
Arih1_Smpdl3a,Arih1,Smpdl3a,none
Kin_Lmna,Kin,Lmna,up
Cog5_Ifnb1,Cog5,Ifnb1,none
Nfkbiz_Saa3,Nfkbiz,Saa3,down
Cog3_Gja1,Cog3,Gja1,up
Ptpa_Ccnd1,Ptpa,Ccnd1,up
Tirap_Armcx6,Tirap,Armcx6,none
Bloc1s1_Cd36,Bloc1s1,Cd36,none
Tpr_Bcl2l11,Tpr,Bcl2l11,up
Prpf6_Arfgef2,Prpf6,Arfgef2,up
Dync1i2_Gpnmb,Dync1i2,Gpnmb,up
Rpl35_Ctsc,Rpl35,Ctsc,none
Egln1_Gapdh,Egln1,Gapdh,up
Leng1_Manf,Leng1,Manf,none
Klf6_Rgs1,Klf6,Rgs1,up
Cwc25_Sec31a,Cwc25,Sec31a,none
Cog8_Lipa,Cog8,Lipa,up
Tbk1_Rapgef5,Tbk1,Rapgef5,down
Traf3_Ccl6,Traf3,Ccl6,none
Suz12_Cacna1d,Suz12,Cacna1d,up
Pafah1b1_Gpnmb,Pafah1b1,Gpnmb,up
Wdr75_Fcgr2b,Wdr75,Fcgr2b,down
Fth1_Gpr84,Fth1,Gpr84,none
Sec62_Ifrd1,Sec62,Ifrd1,none
Rel_Cd302,Rel,Cd302,none
Traf3_Igf1,Traf3,Igf1,down
Zfp207_Aars,Zfp207,Aars,none
Smc3_St3gal5,Smc3,St3gal5,down
Zfp710_S100a11,Zfp710,S100a11,up
Rcl1_Ctla2a,Rcl1,Ctla2a,up
Bcl6_Gla,Bcl6,Gla,none
Yy1_Bnip3,Yy1,Bnip3,none
Tardbp_Mmp14,Tardbp,Mmp14,down
Dohh_2300009A05Rik,Dohh,2300009A05Rik,none
Gnb2_Ccl2,Gnb2,Ccl2,down
Il10ra_Gpnmb,Il10ra,Gpnmb,none
Hdac3_Mphosph10,Hdac3,Mphosph10,none
Dpm3_Il1a,Dpm3,Il1a,none
Hyou1_Chchd10,Hyou1,Chchd10,none
Eny2_BC049762,Eny2,BC049762,none
Snrnp27_Morrbid,Snrnp27,Morrbid,none
Mtor_Cotl1,Mtor,Cotl1,down
Egln1_Tpi1,Egln1,Tpi1,up
Copz1_Zfat,Copz1,Zfat,none
Ss18_Aif1,Ss18,Aif1,down
Traf3_Ifit2,Traf3,Ifit2,none
Cog8_Fam162a,Cog8,Fam162a,none
Rbbp6_Ifih1,Rbbp6,Ifih1,none
Meaf6_Epb41l4aos,Meaf6,Epb41l4aos,none
Uxt_Xlr,Uxt,Xlr,none
Cog8_Odc1,Cog8,Odc1,up
Wdr1_Mettl25,Wdr1,Mettl25,none
Gins4_Pf4,Gins4,Pf4,none
Kat8_Creg1,Kat8,Creg1,up
Vps18_Cd63,Vps18,Cd63,up
Zbtb17_Il1a,Zbtb17,Il1a,none
Fth1_Ftl1,Fth1,Ftl1,up
Srsf7_Smox,Srsf7,Smox,up
Stag2_Col18a1,Stag2,Col18a1,down
Rab7_Tnfrsf22,Rab7,Tnfrsf22,none
Jak1_Ifi205,Jak1,Ifi205,down
Actr10_Il7r,Actr10,Il7r,up
Gins3_Ms4a6b,Gins3,Ms4a6b,down
Rpl4_Ifih1,Rpl4,Ifih1,up
Dcaf13_Prr13,Dcaf13,Prr13,none
Cbfb_Cd81,Cbfb,Cd81,none
Hspa4_Mmp9,Hspa4,Mmp9,none
Nrbp1_C1qb,Nrbp1,C1qb,none
Cwc15_Gm35188,Cwc15,Gm35188,none
Ndc80_Icam1,Ndc80,Icam1,none
Dad1_Pmaip1,Dad1,Pmaip1,none
Spop_Fcgr2b,Spop,Fcgr2b,none
Klf6_Hspa5,Klf6,Hspa5,none
Rb1_Fcgr2b,Rb1,Fcgr2b,none
Bop1_Slc20a2,Bop1,Slc20a2,none
Ddx6_Ddx60,Ddx6,Ddx60,none
Rbm15_Tgtp2,Rbm15,Tgtp2,down
Spout1_Sqstm1,Spout1,Sqstm1,none
Cnot1_Rsad2,Cnot1,Rsad2,up
Ifnar1_Rep15,Ifnar1,Rep15,none
Cwc25_Rabac1,Cwc25,Rabac1,up
Cct3_Iqgap2,Cct3,Iqgap2,none
Klf6_Stab1,Klf6,Stab1,none
Fermt3_Ifitm2,Fermt3,Ifitm2,none
Abi1_Gm47507,Abi1,Gm47507,up
Ptpn2_S100a10,Ptpn2,S100a10,none
Emc3_Sat1,Emc3,Sat1,none
Tpr_Dnah12,Tpr,Dnah12,none
Trrap_Gm11613,Trrap,Gm11613,up
Sbno2_Tmc8,Sbno2,Tmc8,none
Tut1_Gphn,Tut1,Gphn,none
Gins2_Zfc3h1,Gins2,Zfc3h1,none
Stk11_Mtdh,Stk11,Mtdh,down
Mettl3_B3gnt8,Mettl3,B3gnt8,up
Rcl1_Calhm6,Rcl1,Calhm6,none
Mbd2_Acod1,Mbd2,Acod1,none
Kat5_Gbe1,Kat5,Gbe1,up
Nelfcd_Mogs,Nelfcd,Mogs,none
Rps3_Marcks,Rps3,Marcks,up
Nelfa_H2az1,Nelfa,H2az1,none
Ube2m_Rnf128,Ube2m,Rnf128,up
Tnfrsf1a_Lipa,Tnfrsf1a,Lipa,none
Eif1ad_Gm41609,Eif1ad,Gm41609,none
Ttc1_Ahnak,Ttc1,Ahnak,none
Eif4a1_Cd36,Eif4a1,Cd36,up
Tpt1_Nckap1,Tpt1,Nckap1,none
Cog8_Cotl1,Cog8,Cotl1,down
Ash2l_Mycbp,Ash2l,Mycbp,none
Yy1_C1qb,Yy1,C1qb,down
Slc7a6os_Lrfn4,Slc7a6os,Lrfn4,none
Suz12_Prdx5,Suz12,Prdx5,none
Rheb_Ncapg,Rheb,Ncapg,none
Ly96_Ifitm2,Ly96,Ifitm2,down
Qars_Il18bp,Qars,Il18bp,none
Vps18_Sqstm1,Vps18,Sqstm1,up
Srsf1_Gm14461,Srsf1,Gm14461,none
Tbc1d10b_Eif5,Tbc1d10b,Eif5,none
Snapc3_Cpe,Snapc3,Cpe,none
2310011J03Rik_Snhg4,2310011J03Rik,Snhg4,none
Sephs1_Stmn1,Sephs1,Stmn1,none
Jtb_Ran,Jtb,Ran,none
Dnajc8_Nr2c1,Dnajc8,Nr2c1,none
Uvrag_Nek10,Uvrag,Nek10,none
Pgm3_Manf,Pgm3,Manf,up
Leng1_Anxa1,Leng1,Anxa1,none
Pias1_Bcl2a1d,Pias1,Bcl2a1d,none
Pfdn2_Creg1,Pfdn2,Creg1,up
Wdr36_S100a6,Wdr36,S100a6,none
Gins2_Tmem243,Gins2,Tmem243,up
Ing3_Ms4a4c,Ing3,Ms4a4c,none
Ptpn11_Gm31904,Ptpn11,Gm31904,none
Sec63_Dnajb9,Sec63,Dnajb9,up
Zfp36_Ifrd1,Zfp36,Ifrd1,down
Dnajc8_Ctsh,Dnajc8,Ctsh,none
Runx1_Ddx56,Runx1,Ddx56,none
Rbm15_Ncoa4,Rbm15,Ncoa4,up
Vps33a_Nop58,Vps33a,Nop58,none
Rnf40_Tasor,Rnf40,Tasor,none
Yeats4_Vat1,Yeats4,Vat1,none
Pfdn6_Slc25a26,Pfdn6,Slc25a26,none
Leng1_Id3,Leng1,Id3,none
Lamtor4_Cd68,Lamtor4,Cd68,up
Mbd2_Lmna,Mbd2,Lmna,up
Tardbp_Polr2g,Tardbp,Polr2g,up
Ddost_Wnt9a,Ddost,Wnt9a,none
Atp6v1a_Selenow,Atp6v1a,Selenow,down
Sbno2_Hacd4,Sbno2,Hacd4,none
Ric1_Cd72,Ric1,Cd72,down
Scap_A930023M06Rik,Scap,A930023M06Rik,none
Strap_Ctsl,Strap,Ctsl,none
Cdc123_Akr1a1,Cdc123,Akr1a1,none
Acin1_Plekha2,Acin1,Plekha2,none
Ap3b1_Tubb6,Ap3b1,Tubb6,none
Yrdc_Krtcap2,Yrdc,Krtcap2,up
Nckap1l_Ddx10,Nckap1l,Ddx10,down
Top3a_Ftl1,Top3a,Ftl1,none
Rel_Rhoc,Rel,Rhoc,none
Ptpn11_C1qb,Ptpn11,C1qb,none
Otud5_Il1rn,Otud5,Il1rn,down
Dhx15_Ftl1,Dhx15,Ftl1,up
Dad1_Calr,Dad1,Calr,up
Vps18_Prdx1,Vps18,Prdx1,up
Gpn2_Acod1,Gpn2,Acod1,down
Nob1_Abca1,Nob1,Abca1,up
Sel1l_Cdkl3,Sel1l,Cdkl3,none
Dph3_Odc1,Dph3,Odc1,up
Dnajc8_Cadps,Dnajc8,Cadps,up
Ndc80_H2-Q7,Ndc80,H2-Q7,none
Srcap_Kitl,Srcap,Kitl,up
Csnk1a1_Fcgr4,Csnk1a1,Fcgr4,none
Mcm4_Ppat,Mcm4,Ppat,none
Rptor_Ckb,Rptor,Ckb,down
Gtf2h1_Hmox1,Gtf2h1,Hmox1,down
Arpc3_Spryd7,Arpc3,Spryd7,none
Spc24_Dclre1b,Spc24,Dclre1b,up
Atp6v1b2_Hmox1,Atp6v1b2,Hmox1,none
Otud5_Gm4876,Otud5,Gm4876,none
Gspt1_Mmp12,Gspt1,Mmp12,none
Pfdn6_Gsta3,Pfdn6,Gsta3,none
Med29_Cd9,Med29,Cd9,none
Bap1_Syt11,Bap1,Syt11,none
Mtor_Gapdh,Mtor,Gapdh,down
Arpc2_Zfp462,Arpc2,Zfp462,up
Ube2m_F830208F22Rik,Ube2m,F830208F22Rik,none
Mphosph10_Herpud2,Mphosph10,Herpud2,up
Gspt1_Trib3,Gspt1,Trib3,up
Arid1a_Lpin2,Arid1a,Lpin2,up
Rnf40_Mcrip2,Rnf40,Mcrip2,none
Prdm1_Eif5,Prdm1,Eif5,none
Nelfb_Ftl1-ps1,Nelfb,Ftl1-ps1,up
Eny2_Nme2,Eny2,Nme2,up
Eif5_Sqstm1,Eif5,Sqstm1,up
Qars_S100a10,Qars,S100a10,none
Bap1_Rp2,Bap1,Rp2,none
Dohh_Gm56599,Dohh,Gm56599,none
Mapkapk2_Mapkapk2,Mapkapk2,Mapkapk2,down
Med20_Osbpl3,Med20,Osbpl3,none
Rab7_Cd69,Rab7,Cd69,up
Irf9_Norad,Irf9,Norad,none
Pten_Rdx,Pten,Rdx,none
Paf1_Parp2,Paf1,Parp2,up
Ddx18_Ckb,Ddx18,Ckb,down
Junb_Hsp90ab1,Junb,Hsp90ab1,none
Rbm14_Eif5,Rbm14,Eif5,none
Meaf6_Lhfpl2,Meaf6,Lhfpl2,none
Arih1_Clip1,Arih1,Clip1,down
Atg9a_Gsta3,Atg9a,Gsta3,up
Smc3_Rsl24d1,Smc3,Rsl24d1,none
Vps33a_Gclm,Vps33a,Gclm,up
Tcp1_Mmp9,Tcp1,Mmp9,up
Bcl6_Ftl1,Bcl6,Ftl1,none
Psmd13_Cd36,Psmd13,Cd36,none
Pfdn2_Ifih1,Pfdn2,Ifih1,none
Rpap2_Cd180,Rpap2,Cd180,none
Lamtor2_Vat1,Lamtor2,Vat1,up
Cwc15_Cd300c2,Cwc15,Cd300c2,down
Kars_Cd69,Kars,Cd69,none
Gpn2_Slc3a2,Gpn2,Slc3a2,none
Rb1cc1_Cxcl2,Rb1cc1,Cxcl2,up
Axin1_Il1b,Axin1,Il1b,down
Eif4a1_Smox,Eif4a1,Smox,none
Trappc8_Sqstm1,Trappc8,Sqstm1,up
Gtf2a2_Il1rn,Gtf2a2,Il1rn,down
Sephs1_Serp1,Sephs1,Serp1,none
Sptlc1_Vcan,Sptlc1,Vcan,up
Copz1_Rabac1,Copz1,Rabac1,up
Mms22l_AA467197,Mms22l,AA467197,none
Arid1a_Frmd4b,Arid1a,Frmd4b,up
Rc3h1_Cotl1,Rc3h1,Cotl1,none
Ric1_Mir22hg,Ric1,Mir22hg,none
Hira_Cd300a,Hira,Cd300a,up
Rtf1_Arl6ip1,Rtf1,Arl6ip1,up
Wdr5_Gbp8,Wdr5,Gbp8,none
Syvn1_Polr2a,Syvn1,Polr2a,none
Scap_Lhfpl2,Scap,Lhfpl2,up
Ube2m_Akr1a1,Ube2m,Akr1a1,up
Nfyc_Ccrl2,Nfyc,Ccrl2,none
Cmtr1_Crip1,Cmtr1,Crip1,none
Mideas_Bcl2a1d,Mideas,Bcl2a1d,down
Hspa4_Cotl1,Hspa4,Cotl1,none
Ppp2r2a_AA467197,Ppp2r2a,AA467197,down
Zfp36_Traf1,Zfp36,Traf1,down
Cnot1_Clec4e,Cnot1,Clec4e,down
Ylpm1_Gm26826,Ylpm1,Gm26826,none
Atp6v0e_Lipa,Atp6v0e,Lipa,up
Smc3_AA467197,Smc3,AA467197,down
Myd88_Sqstm1,Myd88,Sqstm1,none
Tpt1_Nucb2,Tpt1,Nucb2,none
Ttc1_Pbxip1,Ttc1,Pbxip1,none
Leng1_Acer3,Leng1,Acer3,none
Trappc8_Gbp2,Trappc8,Gbp2,none
Uvrag_Il15,Uvrag,Il15,none
Leo1_Gpnmb,Leo1,Gpnmb,none
Hyou1_Manf,Hyou1,Manf,up
Zfp36_Nabp1,Zfp36,Nabp1,none
Gins2_Uchl1,Gins2,Uchl1,none
Prpf19_Arf2,Prpf19,Arf2,none
Eftud2_A730090N16Rik,Eftud2,A730090N16Rik,none
Atp6v1e1_Gm20682,Atp6v1e1,Gm20682,none
Trappc8_Rabac1,Trappc8,Rabac1,up
Abi1_Ctsl,Abi1,Ctsl,up
Atf4_Ifih1,Atf4,Ifih1,none
Nolc1_Utrn,Nolc1,Utrn,none
Arpc3_Acod1,Arpc3,Acod1,none
Brd2_Fbxo11,Brd2,Fbxo11,none
Arpc3_H2-M2,Arpc3,H2-M2,up
Ncbp1_Rbmx2,Ncbp1,Rbmx2,none
Actr6_Cxcl10,Actr6,Cxcl10,up
Fbxo11_Zfand5,Fbxo11,Zfand5,up
Ptpn11_Ccl2,Ptpn11,Ccl2,down
Suz12_Cd69,Suz12,Cd69,none
Nckap1l_Cotl1,Nckap1l,Cotl1,down
Nfkbiz_Stap1,Nfkbiz,Stap1,down
Wnk1_Cacna1d,Wnk1,Cacna1d,up
Ankrd11_Mgst1,Ankrd11,Mgst1,none
Msto1_Gpnmb,Msto1,Gpnmb,none
Snx14_Timp2,Snx14,Timp2,up
Uxt_Mmp12,Uxt,Mmp12,none
Zfp710_Tmem51,Zfp710,Tmem51,up
Mcm4_Creg1,Mcm4,Creg1,none
Wnk1_Oasl1,Wnk1,Oasl1,none
Traf2_Sec11c,Traf2,Sec11c,up
Tgif1_D6Wsu163e,Tgif1,D6Wsu163e,up
Sel1l_Dnajc3,Sel1l,Dnajc3,up
Tyrobp_Gm17749,Tyrobp,Gm17749,none
Junb_Rftn1,Junb,Rftn1,down
Ncor2_Mmp12,Ncor2,Mmp12,up
Cct2_Pmepa1,Cct2,Pmepa1,none
Ehmt2_Plekha3,Ehmt2,Plekha3,none
Cog8_Creg1,Cog8,Creg1,none
Uxt_Irgm1,Uxt,Irgm1,none
Ogdh_Gapdh,Ogdh,Gapdh,up
Top3a_Rab3d,Top3a,Rab3d,none
Wdr3_Mir22hg,Wdr3,Mir22hg,up
Atp6v1e1_Gdf15,Atp6v1e1,Gdf15,up
Cd14_Cd14,Cd14,Cd14,down
Ndc80_Npy,Ndc80,Npy,none
Virma_Plpp3,Virma,Plpp3,up
Msto1_Slc16a3,Msto1,Slc16a3,down
Wdr48_Aig1,Wdr48,Aig1,none
Eif4a1_H2-M2,Eif4a1,H2-M2,none
Yeats4_Cacna1d,Yeats4,Cacna1d,up
Cct5_Snhg15,Cct5,Snhg15,none
Zfp207_1110038B12Rik,Zfp207,1110038B12Rik,up
Bag6_Hmox1,Bag6,Hmox1,none
Mta2_Gm57027,Mta2,Gm57027,none
Ube4b_Sh3yl1,Ube4b,Sh3yl1,none
Tbc1d10b_Igf1,Tbc1d10b,Igf1,none
Wtap_Adap2,Wtap,Adap2,none
Setd2_Lhfpl2,Setd2,Lhfpl2,none
Cnot2_Cdk18,Cnot2,Cdk18,none
Wdr48_A330040F15Rik,Wdr48,A330040F15Rik,up
Kdm1a_Cfp,Kdm1a,Cfp,down
Rpl10_Cd69,Rpl10,Cd69,up
Dpm1_Calr,Dpm1,Calr,up
Rc3h1_Saa3,Rc3h1,Saa3,none
Gosr2_Kcnn4,Gosr2,Kcnn4,none
Pgm3_Creld2,Pgm3,Creld2,up
Prpf38b_Slc25a4,Prpf38b,Slc25a4,none
Trappc8_Dnajc3,Trappc8,Dnajc3,none
Dync1h1_Ccrl2,Dync1h1,Ccrl2,up
Telo2_Ftl1,Telo2,Ftl1,none
Chmp6_Inhba,Chmp6,Inhba,up
Nfyc_Tnfsf9,Nfyc,Tnfsf9,none
Snrnp70_H2-M2,Snrnp70,H2-M2,none
Cnot1_H2-T22,Cnot1,H2-T22,down
Dnajc8_BC005537,Dnajc8,BC005537,none
Meaf6_Ifrd1,Meaf6,Ifrd1,none
Taf5l_Igf1,Taf5l,Igf1,down
Fli1_S100a10,Fli1,S100a10,up
Exosc7_Lgals3,Exosc7,Lgals3,none
Actr2_Calr,Actr2,Calr,none
Fzr1_Clec4e,Fzr1,Clec4e,none
Mtor_Tubb6,Mtor,Tubb6,none
Heatr1_Ifih1,Heatr1,Ifih1,up
Prpf40a_H1f2,Prpf40a,H1f2,up
Becn1_Gpnmb,Becn1,Gpnmb,up
Chd4_H2-Q7,Chd4,H2-Q7,up
Gtf2a2_Saa3,Gtf2a2,Saa3,down
Gins4_Ctsl,Gins4,Ctsl,up
Ncor2_Il1a,Ncor2,Il1a,up
Med29_Tcf7l2,Med29,Tcf7l2,up
Tbc1d10b_Myo1e,Tbc1d10b,Myo1e,none
Gosr2_Slamf9,Gosr2,Slamf9,none
Junb_Rfc3,Junb,Rfc3,none
Nelfa_H3f3b,Nelfa,H3f3b,up
Dpy30_Malt1,Dpy30,Malt1,none
Tcp1_Ddit3,Tcp1,Ddit3,none
Dad1_H2bc21,Dad1,H2bc21,none
Fbxo11_Il1a,Fbxo11,Il1a,down
Rbbp6_Kcnn4,Rbbp6,Kcnn4,up
Ptpn2_Iigp1,Ptpn2,Iigp1,up
Nob1_1110038B12Rik,Nob1,1110038B12Rik,up
Tyk2_Ifi44,Tyk2,Ifi44,down
Wdr5_Vcl,Wdr5,Vcl,up
Tnpo3_Il15,Tnpo3,Il15,none
Toe1_Exoc3,Toe1,Exoc3,none
Cct5_Fcgr2b,Cct5,Fcgr2b,down
Snx14_Ifi44,Snx14,Ifi44,none
Mtor_Picalm,Mtor,Picalm,none
Alg2_Mcm4,Alg2,Mcm4,none
E4f1_Apobec1,E4f1,Apobec1,none
Exoc5_Large1,Exoc5,Large1,none
Rpp21_Atf5,Rpp21,Atf5,up
Cbfb_Ccl9,Cbfb,Ccl9,down
Daxx_Vegfa,Daxx,Vegfa,up
Aip_Ftl1-ps1,Aip,Ftl1-ps1,none
Il10ra_Ifitm2,Il10ra,Ifitm2,down
Gins3_Lmna,Gins3,Lmna,up
Sars_Cyb5r1,Sars,Cyb5r1,up
Atp6ap2_Cfp,Atp6ap2,Cfp,down
Rrp1_Tlr2,Rrp1,Tlr2,up
Ints9_Col18a1,Ints9,Col18a1,none
Wdr5_AA467197,Wdr5,AA467197,down
Gins2_Pofut2,Gins2,Pofut2,none
Chd4_Saa3,Chd4,Saa3,none
Adnp_Glrx,Adnp,Glrx,down
Nelfcd_Calcr,Nelfcd,Calcr,none
Sptssa_Blvrb,Sptssa,Blvrb,down
Lamtor4_Gbp2,Lamtor4,Gbp2,none
Leng1_S100a11,Leng1,S100a11,up
Derl2_Hspa5,Derl2,Hspa5,up
Fli1_Bag5,Fli1,Bag5,none
Med25_Alox5ap,Med25,Alox5ap,none
Nelfcd_Ftl1,Nelfcd,Ftl1,up
Il10rb_Cxcl2,Il10rb,Cxcl2,up
Nrbp1_Npy,Nrbp1,Npy,up
Irf8_2310009B15Rik,Irf8,2310009B15Rik,none
Rptor_Serpinb6b,Rptor,Serpinb6b,none
Ippk_Anxa3,Ippk,Anxa3,down
Taf5l_Gm31005,Taf5l,Gm31005,none
Prpf38b_Ahnak,Prpf38b,Ahnak,up
Ticam2_Ckb,Ticam2,Ckb,none
Nop16_Cd69,Nop16,Cd69,up
Txnl4a_Inhba,Txnl4a,Inhba,none
Atxn7l3_Fcgr2b,Atxn7l3,Fcgr2b,none
Sbno2_Myo1e,Sbno2,Myo1e,none
Ptpa_Fpr2,Ptpa,Fpr2,down
Cct4_Tuba1c,Cct4,Tuba1c,up
Pfdn2_Fam111a,Pfdn2,Fam111a,up
Pdcd10_Ccl9,Pdcd10,Ccl9,down
Wdr75_Cd300e,Wdr75,Cd300e,none
Arpc2_Actb,Arpc2,Actb,down
Ticam2_Oasl1,Ticam2,Oasl1,down
Cct7_Prdx1,Cct7,Prdx1,none
Daxx_Ckb,Daxx,Ckb,none
Rpl35_Cmpk2,Rpl35,Cmpk2,up
Rc3h1_Dnmt3l,Rc3h1,Dnmt3l,none
Rela_Saa3,Rela,Saa3,down
Hdac3_B4galt7,Hdac3,B4galt7,none
Atxn7l3_Akr1a1,Atxn7l3,Akr1a1,none
Sars_Ly9,Sars,Ly9,none
Chmp6_Trmt10c,Chmp6,Trmt10c,none
Suz12_Ribc1,Suz12,Ribc1,none
Snapc3_Rnf149,Snapc3,Rnf149,none
Hira_Ly6a,Hira,Ly6a,up
Psmg4_Eif5,Psmg4,Eif5,none
Ptpn2_Sqstm1,Ptpn2,Sqstm1,none
Tbc1d10b_Slamf9,Tbc1d10b,Slamf9,none
Cul2_Gclm,Cul2,Gclm,none
Rpl26_H3f3b,Rpl26,H3f3b,up
Atxn7l3_Creg1,Atxn7l3,Creg1,none
Srsf10_Pilra,Srsf10,Pilra,up
Atp6v0e_Clec4e,Atp6v0e,Clec4e,up
Cop1_Reep3,Cop1,Reep3,none
Smg5_Slfn1,Smg5,Slfn1,none
Med25_Vav3,Med25,Vav3,none
Nckap1l_Pilra,Nckap1l,Pilra,down
Pi4kb_Selplg,Pi4kb,Selplg,none
Rps19_Cxcl10,Rps19,Cxcl10,none
Ube4b_Folr2,Ube4b,Folr2,up
Cul1_Neat1,Cul1,Neat1,none
Msto1_Bnip3,Msto1,Bnip3,down
Tirap_C1qb,Tirap,C1qb,none
Pias1_Gbp3,Pias1,Gbp3,none
Actr2_4930539J05Rik,Actr2,4930539J05Rik,none
Hdac3_Ctsl,Hdac3,Ctsl,up
Ndc80_Bnip3,Ndc80,Bnip3,none
Tirap_Serp1,Tirap,Serp1,down
Sptlc1_Pou3f1,Sptlc1,Pou3f1,none
Actr6_Ecpas,Actr6,Ecpas,none
Rps19_Taldo1,Rps19,Taldo1,down
Ddb1_Ddx10,Ddb1,Ddx10,none
Gtf2h1_Rabac1,Gtf2h1,Rabac1,up
Slc33a1_Pdia3,Slc33a1,Pdia3,up
Tubg1_Ccl7,Tubg1,Ccl7,none
Sbno2_Csf3r,Sbno2,Csf3r,up
Pias1_Dusp5,Pias1,Dusp5,down
Ing3_Lrmda,Ing3,Lrmda,none
Arih1_Cxcl3,Arih1,Cxcl3,none
Ylpm1_Ifit3b,Ylpm1,Ifit3b,down
Nelfb_Emp3,Nelfb,Emp3,down
Myd88_Osbpl8,Myd88,Osbpl8,up
Spout1_Il15,Spout1,Il15,up
Tpr_Resf1,Tpr,Resf1,up
Gins3_Nudt9,Gins3,Nudt9,none
Polr1f_Rrn3,Polr1f,Rrn3,none
Nop16_Cd44,Nop16,Cd44,up
Mtor_Abca1,Mtor,Abca1,up
Adnp_Morrbid,Adnp,Morrbid,up
Stk11_Ctla2b,Stk11,Ctla2b,up
Prpf19_Ahnak,Prpf19,Ahnak,up
Cpsf4_H2-Q7,Cpsf4,H2-Q7,none
Rbm15_Gbp5,Rbm15,Gbp5,none
Nop16_Itgam,Nop16,Itgam,none
Tpr_Tram1,Tpr,Tram1,none
Ddb1_Pcdh7,Ddb1,Pcdh7,up
Cdc42_Cd36,Cdc42,Cd36,up
Igbp1_Sqstm1,Igbp1,Sqstm1,up
Abi1_Dbr1,Abi1,Dbr1,none
Ctdspl2_Igf1,Ctdspl2,Igf1,down
Trappc8_Sec24a,Trappc8,Sec24a,up
Clp1_Lipa,Clp1,Lipa,up
Hdac3_Selenow,Hdac3,Selenow,down
Pfdn2_Fpr2,Pfdn2,Fpr2,none
Rab7_Ahnak,Rab7,Ahnak,none
Emc7_Hilpda,Emc7,Hilpda,down
Cop1_Eif5a,Cop1,Eif5a,down
Rps26_Dnmt3l,Rps26,Dnmt3l,none
Lamtor2_Lgals3,Lamtor2,Lgals3,up
Rbm15_Pf4,Rbm15,Pf4,none
Ctcf_Ntn1,Ctcf,Ntn1,up
Ppp6c_Prdx5,Ppp6c,Prdx5,down
Actl6a_Trem2,Actl6a,Trem2,up
Qars_Lysmd2,Qars,Lysmd2,none
Trappc1_Pck2,Trappc1,Pck2,up
Nfkbiz_Lrrc25,Nfkbiz,Lrrc25,down
Srcap_Glrx,Srcap,Glrx,down
Ash2l_Fndc3b,Ash2l,Fndc3b,none
Myc_Plaur,Myc,Plaur,none
Sec63_Coro2a,Sec63,Coro2a,none
Irf8_Pf4,Irf8,Pf4,down
Ss18_P4hb,Ss18,P4hb,none
Trappc1_Pcdh7,Trappc1,Pcdh7,none
Prpf40a_Lgals3,Prpf40a,Lgals3,up
Gins3_Rabac1,Gins3,Rabac1,none
Gins3_Gbf1,Gins3,Gbf1,none
Prpf40a_Pf4,Prpf40a,Pf4,none
Wnk1_Vcan,Wnk1,Vcan,up
Urm1_Ckb,Urm1,Ckb,down
Tpt1_Acsl4,Tpt1,Acsl4,none
Ube2h_Chchd10,Ube2h,Chchd10,none
Ppp2r3c_Pilrb2,Ppp2r3c,Pilrb2,up
Pias1_Irf2bp2,Pias1,Irf2bp2,down
Actr6_C3,Actr6,C3,down
Usp7_Ccl2,Usp7,Ccl2,down
Jtb_Pck2,Jtb,Pck2,up
Vps72_Cd69,Vps72,Cd69,up
Uvrag_Mmp12,Uvrag,Mmp12,up
Mcm4_Polr2g,Mcm4,Polr2g,up
Hdac3_Akr1a1,Hdac3,Akr1a1,up
Jtb_Ctsl,Jtb,Ctsl,none
Cdc123_Pmp22,Cdc123,Pmp22,none
Mtor_Lgals1,Mtor,Lgals1,down
Txnl4a_S100a6,Txnl4a,S100a6,up
Spop_Serpinb6b,Spop,Serpinb6b,up
Tbk1_Mt2,Tbk1,Mt2,up
Dusp1_Procr,Dusp1,Procr,up
Mta2_Lgals3,Mta2,Lgals3,none
Meaf6_Lgals3,Meaf6,Lgals3,none
Chmp3_Fcgr2b,Chmp3,Fcgr2b,down
Atg9a_Akr1a1,Atg9a,Akr1a1,up
Pten_Prkcb,Pten,Prkcb,down
Ppp2r3c_Cotl1,Ppp2r3c,Cotl1,none
Tirap_Saa3,Tirap,Saa3,down
Bloc1s1_Myo1e,Bloc1s1,Myo1e,none
Cwc15_Lgals3,Cwc15,Lgals3,up
Wdr75_Uchl1,Wdr75,Uchl1,down
Phb2_Cxcl2,Phb2,Cxcl2,none
Dohh_Il2rg,Dohh,Il2rg,none
Brd2_Card11,Brd2,Card11,none
Atp6v1b2_Lipa,Atp6v1b2,Lipa,up
Spop_Cmpk2,Spop,Cmpk2,none
Spc24_Fgl2,Spc24,Fgl2,none
Leng1_Hspb1,Leng1,Hspb1,none
Cop1_Evi5,Cop1,Evi5,none
Ppp2r2a_Psma6,Ppp2r2a,Psma6,none
Ddx41_Cmpk2,Ddx41,Cmpk2,up
Gins4_Npy,Gins4,Npy,none
Cct4_Mmp9,Cct4,Mmp9,up
Dusp1_Lima1,Dusp1,Lima1,none
Med29_Stmn1,Med29,Stmn1,none
Pik3c3_Snx5,Pik3c3,Snx5,none
E4f1_Rel,E4f1,Rel,up
Trem2_Haghl,Trem2,Haghl,none
Mnt_Acod1,Mnt,Acod1,none
Tlr4_Larp7,Tlr4,Larp7,none
Yeats4_Msrb1,Yeats4,Msrb1,down
Nop16_Mier3,Nop16,Mier3,none
Slc33a1_Fcgr2b,Slc33a1,Fcgr2b,none
Xpo1_Slc48a1,Xpo1,Slc48a1,down
Elavl1_Snhg3,Elavl1,Snhg3,none
Pfn1_Socs3,Pfn1,Socs3,none
Sec63_Blvrb,Sec63,Blvrb,none
Ippk_Fabp4,Ippk,Fabp4,none
Dido1_Selenow,Dido1,Selenow,none
Rbm15_Naglu,Rbm15,Naglu,up
Runx1_Mmp14,Runx1,Mmp14,down
Eny2_Reps1,Eny2,Reps1,none
Ptpn2_Upp1,Ptpn2,Upp1,up
Tyk2_Alms1,Tyk2,Alms1,none
Psmd13_Trem2,Psmd13,Trem2,none
Slc7a6os_Plaur,Slc7a6os,Plaur,up
Mta2_S100a10,Mta2,S100a10,up
Tardbp_C3,Tardbp,C3,down
Copz1_Rsad2,Copz1,Rsad2,none
Mphosph10_Aif1,Mphosph10,Aif1,none
Ccdc22_Rnf128,Ccdc22,Rnf128,none
Rbck1_H2aj,Rbck1,H2aj,none
Ints9_Prdx5,Ints9,Prdx5,none
Strap_Ckb,Strap,Ckb,down
Ddx41_Pilrb2,Ddx41,Pilrb2,none
Nkap_Asb11,Nkap,Asb11,none
Tut1_Zbtb34,Tut1,Zbtb34,none
Ddb1_Acod1,Ddb1,Acod1,down
Srsf10_Nlrp10,Srsf10,Nlrp10,none
Rbm14_Btg1,Rbm14,Btg1,up
Cog5_Cd69,Cog5,Cd69,none
Psmg4_Cxcl2,Psmg4,Cxcl2,up
Chmp3_Oxr1,Chmp3,Oxr1,none
Pafah1b1_Zdhhc1,Pafah1b1,Zdhhc1,none
Actr10_Pilra,Actr10,Pilra,down
Egln1_Pik3cd,Egln1,Pik3cd,none
Irf2_Ccl7,Irf2,Ccl7,none
Fermt3_Mthfd2,Fermt3,Mthfd2,down
Fth1_Akr1a1,Fth1,Akr1a1,up
2310011J03Rik_Snhg3,2310011J03Rik,Snhg3,none
Setd2_Stap1,Setd2,Stap1,down
Fth1_Igf1,Fth1,Igf1,none
Pdcd10_Oasl1,Pdcd10,Oasl1,none
Tcp1_Rnf213,Tcp1,Rnf213,none
Cul2_1110038B12Rik,Cul2,1110038B12Rik,none
Trappc1_Rabac1,Trappc1,Rabac1,up
Bap1_H2aj,Bap1,H2aj,none
Cog8_Btg1,Cog8,Btg1,up
Ncbp1_Hcn2,Ncbp1,Hcn2,none
Nol10_Calr,Nol10,Calr,down
Cct3_Mmp9,Cct3,Mmp9,up
Eny2_Anxa2,Eny2,Anxa2,up
Med20_Acod1,Med20,Acod1,down
Snrnp70_Ms4a4a,Snrnp70,Ms4a4a,none
Rps5_1110038B12Rik,Rps5,1110038B12Rik,up
Wdr70_Ncoa4,Wdr70,Ncoa4,none
Wtap_Msrb1,Wtap,Msrb1,none
Prdm1_Rgl1,Prdm1,Rgl1,down
Rc3h1_Ccl4,Rc3h1,Ccl4,up
Sptssa_Lgals3,Sptssa,Lgals3,none
Ddx5_Creg1,Ddx5,Creg1,none
Ubr4_Mtdh,Ubr4,Mtdh,none
Rpn1_Creld2,Rpn1,Creld2,up
Paf1_Ahsa1,Paf1,Ahsa1,none
Virma_Psma6,Virma,Psma6,down
Prpf40a_Crip1,Prpf40a,Crip1,none
Rbm15_Creg1,Rbm15,Creg1,none
Mideas_Ccnd1,Mideas,Ccnd1,up
Cog8_Glrx,Cog8,Glrx,none
Prpf40a_Cd300c2,Prpf40a,Cd300c2,up
Rngtt_Tcf4,Rngtt,Tcf4,none
Vps4b_Mtln,Vps4b,Mtln,none
Orc4_Trib3,Orc4,Trib3,none
Ss18_Cxcl14,Ss18,Cxcl14,up
Pafah1b1_Gpr84,Pafah1b1,Gpr84,down
Rb1_Gmnn,Rb1,Gmnn,up
Wdr3_Stmn1,Wdr3,Stmn1,down
Heatr1_Fgl2,Heatr1,Fgl2,none
2310011J03Rik_Gpnmb,2310011J03Rik,Gpnmb,none
Pdcd10_Plaur,Pdcd10,Plaur,up
Mau2_Psma6,Mau2,Psma6,down
Meaf6_Rcn1,Meaf6,Rcn1,none
Snx13_Creg1,Snx13,Creg1,up
Arpc3_Gsto1,Arpc3,Gsto1,none
Gins4_Slc39a13,Gins4,Slc39a13,none
Kdm1a_Tnfsf9,Kdm1a,Tnfsf9,up
Vps18_Jun,Vps18,Jun,none
Sephs1_Mgat4b,Sephs1,Mgat4b,down
Trem2_Pcdh7,Trem2,Pcdh7,none
Smarcd2_Clec4a1,Smarcd2,Clec4a1,up
Uvrag_Dnajc3,Uvrag,Dnajc3,none
Ap3b1_Rp2,Ap3b1,Rp2,down
Ppp2r2a_Ahnak,Ppp2r2a,Ahnak,none
Sec63_Ccl9,Sec63,Ccl9,none
Nrbf2_Blvrb,Nrbf2,Blvrb,up
Ppp2r2a_Magi3,Ppp2r2a,Magi3,none
Rcl1_Oasl1,Rcl1,Oasl1,down
Rps3_Acod1,Rps3,Acod1,down
Eny2_Hdac1,Eny2,Hdac1,none
Bag6_H2-Q7,Bag6,H2-Q7,none
Tbc1d10b_Cxcl2,Tbc1d10b,Cxcl2,none
Cog5_Cd36,Cog5,Cd36,none
Tgif1_Simc1,Tgif1,Simc1,none
Irf8_Cmpk2,Irf8,Cmpk2,none
Rraga_Creg1,Rraga,Creg1,up
Bap1_Cmpk2,Bap1,Cmpk2,none
Nolc1_Selenop,Nolc1,Selenop,none
Ncor2_Cxcl2,Ncor2,Cxcl2,none
Cct7_Npy,Cct7,Npy,none
Oxsr1_Plaur,Oxsr1,Plaur,up
Tlr4_Fxyd2,Tlr4,Fxyd2,none
Ss18_H2-M2,Ss18,H2-M2,down
Prpf6_Trem2,Prpf6,Trem2,none
Orc4_Snhg1,Orc4,Snhg1,up
Heatr1_Alox5ap,Heatr1,Alox5ap,down
Il10rb_Mmp12,Il10rb,Mmp12,none
Zfp710_Ccdc25,Zfp710,Ccdc25,none
Mcm4_Tnfrsf21,Mcm4,Tnfrsf21,up
Cct3_Fcgr2b,Cct3,Fcgr2b,down
Ints1_Nampt,Ints1,Nampt,none
Setd2_Calr,Setd2,Calr,none
Top3a_Snhg16,Top3a,Snhg16,none
Cnot1_Spty2d1,Cnot1,Spty2d1,none
Leo1_Timp2,Leo1,Timp2,up
Xpo1_Gapdh,Xpo1,Gapdh,down
Suz12_Rhoc,Suz12,Rhoc,up
Mcm4_Pbxip1,Mcm4,Pbxip1,none
Rpn1_Foxo3,Rpn1,Foxo3,none
Nelfb_1110038B12Rik,Nelfb,1110038B12Rik,none
Jak1_Sh2d1b1,Jak1,Sh2d1b1,none
Kin_Clvs1,Kin,Clvs1,none
Med29_Rsad2,Med29,Rsad2,down
Rnf40_B430319H21Rik,Rnf40,B430319H21Rik,none
Rtf1_Iigp1,Rtf1,Iigp1,none
Jak1_Dnajc18,Jak1,Dnajc18,none
Hnrnpu_Ahnak,Hnrnpu,Ahnak,up
Tcp1_C920021L13Rik,Tcp1,C920021L13Rik,none
Nfyc_Gpx4,Nfyc,Gpx4,up
Gosr2_Idnk,Gosr2,Idnk,none
Rheb_Ckb,Rheb,Ckb,down
Cul1_Azin1,Cul1,Azin1,up
Gtf2h1_Taf7,Gtf2h1,Taf7,none
Virma_Creg1,Virma,Creg1,up
Nop16_Il15,Nop16,Il15,up
Setd2_Tent5a,Setd2,Tent5a,none
Usp39_Zfp655,Usp39,Zfp655,none
Igbp1_Actb,Igbp1,Actb,down
Mau2_Spint2,Mau2,Spint2,none
Sel1l_Auts2,Sel1l,Auts2,none
Snrnp27_Acss1,Snrnp27,Acss1,none
Med20_Vti1a,Med20,Vti1a,none
Ehmt2_Zbtb4,Ehmt2,Zbtb4,none
Yrdc_Actb,Yrdc,Actb,down
Rc3h1_Cd63,Rc3h1,Cd63,none
Pfn1_Gpr84,Pfn1,Gpr84,none
Tardbp_Sqstm1,Tardbp,Sqstm1,none
Pafah1b1_Aopep,Pafah1b1,Aopep,none
Hyou1_Ckb,Hyou1,Ckb,down
Ptpn11_Pcdh7,Ptpn11,Pcdh7,none
Dohh_Bcl6,Dohh,Bcl6,none
Vhl_Ly6a,Vhl,Ly6a,none
Sbno2_Fgl2,Sbno2,Fgl2,none
Srsf10_Blvrb,Srsf10,Blvrb,none
Hyou1_Smpdl3a,Hyou1,Smpdl3a,up
Tcp1_Tubb6,Tcp1,Tubb6,up
Ddx5_Serpine1,Ddx5,Serpine1,up
Rpl35_Cd69,Rpl35,Cd69,up
Gnb2_Lipa,Gnb2,Lipa,none
Rb1cc1_Sqstm1,Rb1cc1,Sqstm1,up
Il10rb_Socs3,Il10rb,Socs3,down
Jak1_Akr1a1,Jak1,Akr1a1,none
Adnp_Uchl1,Adnp,Uchl1,down
Ddx41_Lmna,Ddx41,Lmna,up
Hyou1_Ifi47,Hyou1,Ifi47,none
Becn1_Gm11613,Becn1,Gm11613,none
Rbck1_Mgst1,Rbck1,Mgst1,none
Wdr75_Trem2,Wdr75,Trem2,up
Wdr61_Ifit2,Wdr61,Ifit2,up
Prdm1_Gpnmb,Prdm1,Gpnmb,none
Telo2_2610037D02Rik,Telo2,2610037D02Rik,up
Sbno2_Aif1,Sbno2,Aif1,none
Dcaf7_Cdk2ap2,Dcaf7,Cdk2ap2,up
Rpl4_Macir,Rpl4,Macir,up
Kars_Timp2,Kars,Timp2,none
Nolc1_Gm43573,Nolc1,Gm43573,none
Rbbp6_Smpdl3a,Rbbp6,Smpdl3a,none
Ddx6_Arhgap31,Ddx6,Arhgap31,none
Srcap_Hilpda,Srcap,Hilpda,none
Elavl1_Itga4,Elavl1,Itga4,none
Top3a_Ccl2,Top3a,Ccl2,none
Tnfaip3_Calr,Tnfaip3,Calr,none
Strip1_Aars,Strip1,Aars,none
Meaf6_Gclm,Meaf6,Gclm,up
Wdr3_Npy,Wdr3,Npy,none
Ikbkb_Mt1,Ikbkb,Mt1,none
Vps41_Xcr1,Vps41,Xcr1,none
Ikzf1_Dnajb9,Ikzf1,Dnajb9,none
Tbc1d10b_Cdkl3,Tbc1d10b,Cdkl3,none
Chmp3_Gpnmb,Chmp3,Gpnmb,none
Usp7_Hilpda,Usp7,Hilpda,none
Arid1a_Vav3,Arid1a,Vav3,up
Wdr36_Gpnmb,Wdr36,Gpnmb,none
Ncbp1_Cd63,Ncbp1,Cd63,up
Rragc_Vat1,Rragc,Vat1,up
Ap3b1_Nr1h3,Ap3b1,Nr1h3,none
Scap_Plpp3,Scap,Plpp3,up
Myc_Cd36,Myc,Cd36,none
Rcl1_Gpnmb,Rcl1,Gpnmb,up
Zfp36_Sec11c,Zfp36,Sec11c,none
Telo2_Ifi27,Telo2,Ifi27,up
Runx1_Nckap1,Runx1,Nckap1,up
Ube4b_Cenph,Ube4b,Cenph,none
Pfn1_Saa3,Pfn1,Saa3,none
Rrp1_Tubb6,Rrp1,Tubb6,none
Ric1_Mmp12,Ric1,Mmp12,none
Srsf1_Ftl1,Srsf1,Ftl1,up
Bap1_Il1rn,Bap1,Il1rn,down
Cdc123_Sqstm1,Cdc123,Sqstm1,up
Chmp6_Apoc2,Chmp6,Apoc2,none
Srsf1_Syngr1,Srsf1,Syngr1,up
Yy1_Ralgapa2,Yy1,Ralgapa2,none
Cbll1_Gclm,Cbll1,Gclm,up
Nolc1_Cd69,Nolc1,Cd69,up
Tpt1_Trim30c,Tpt1,Trim30c,up
Tyrobp_Kif22,Tyrobp,Kif22,none
Axin1_Rbm15,Axin1,Rbm15,none
Tbk1_Il15,Tbk1,Il15,none
Ctcf_Pdk1,Ctcf,Pdk1,none
Ddx5_Pcdh7,Ddx5,Pcdh7,up
Csnk1a1_Tuba1c,Csnk1a1,Tuba1c,none
Prdm1_Slamf9,Prdm1,Slamf9,down
Mbd2_Itgal,Mbd2,Itgal,down
Srcap_Slamf9,Srcap,Slamf9,none
Hsp90b1_Saa3,Hsp90b1,Saa3,down
Qars_Krtcap2,Qars,Krtcap2,up
Becn1_Creg1,Becn1,Creg1,up
Mcm4_Dock10,Mcm4,Dock10,none
Tyrobp_Ckb,Tyrobp,Ckb,down
Dync1h1_Cd14,Dync1h1,Cd14,none
Rcl1_Adamts4,Rcl1,Adamts4,up
Tcp1_Fcgr2b,Tcp1,Fcgr2b,down
Cct4_Tmem178,Cct4,Tmem178,none
Hdac3_Oasl1,Hdac3,Oasl1,none
Rab7_Adgre5,Rab7,Adgre5,up
Fli1_C1qb,Fli1,C1qb,down
Pfn1_Gm34961,Pfn1,Gm34961,none
Lamtor2_Ctsl,Lamtor2,Ctsl,none
Nop16_Neat1,Nop16,Neat1,none
Xpo1_Hmgn1,Xpo1,Hmgn1,up
Eif1ad_Hsp90b1,Eif1ad,Hsp90b1,down
Chmp5_Prdx1,Chmp5,Prdx1,up
Cdkn1a_Lmna,Cdkn1a,Lmna,none
Heatr1_Crip1,Heatr1,Crip1,down
Irf9_Ms4a4c,Irf9,Ms4a4c,down
Ehmt2_Aif1,Ehmt2,Aif1,none
Adnp_Ctsl,Adnp,Ctsl,down
Nkap_Cmpk2,Nkap,Cmpk2,up
Hyou1_Gpr84,Hyou1,Gpr84,none
Rragc_Pcna,Rragc,Pcna,none
Srrd_Ckb,Srrd,Ckb,none
Ylpm1_Stk3,Ylpm1,Stk3,none
Mtor_Chchd10,Mtor,Chchd10,none
Tnpo3_Ago3,Tnpo3,Ago3,none
Sephs1_Ggta1,Sephs1,Ggta1,none
Abi1_Gbp5,Abi1,Gbp5,none
Hsp90b1_C3,Hsp90b1,C3,none
Mta2_Ly6a,Mta2,Ly6a,up
Elavl1_Litaf,Elavl1,Litaf,down
Tubg1_Hopx,Tubg1,Hopx,none
Kras_Blvrb,Kras,Blvrb,none
Mnt_Gbe1,Mnt,Gbe1,up
Sec63_Fpr2,Sec63,Fpr2,up
Snrnp70_Stard9,Snrnp70,Stard9,none
Rps19_Dnajb9,Rps19,Dnajb9,none
Ikbkb_Clec4e,Ikbkb,Clec4e,down
Wdr70_Ly6a,Wdr70,Ly6a,none
Wdr43_Spryd7,Wdr43,Spryd7,up
Ddx6_Ddit3,Ddx6,Ddit3,none
Snrnp27_Kctd12,Snrnp27,Kctd12,none
Wdr61_Ctsl,Wdr61,Ctsl,up
Ogdh_Fzd1,Ogdh,Fzd1,none
Cct3_Sqstm1,Cct3,Sqstm1,none
Rheb_S100a10,Rheb,S100a10,none
Chmp6_Cd86,Chmp6,Cd86,up
Actr2_Ifit3,Actr2,Ifit3,none
Rheb_Herpud1,Rheb,Herpud1,none
Nprl2_Prnp,Nprl2,Prnp,none
Rheb_Sdc1,Rheb,Sdc1,up
Fth1_Gclm,Fth1,Gclm,up
Qars_Ckb,Qars,Ckb,down
Cdkn1a_Smc4,Cdkn1a,Smc4,up
Prpf40a_Pgm1,Prpf40a,Pgm1,none
Rbm15_Oasl1,Rbm15,Oasl1,none
Rngtt_Saa3,Rngtt,Saa3,down
Leng1_Timp2,Leng1,Timp2,up
Vps41_Bcl2a1a,Vps41,Bcl2a1a,none
Aip_Ctla2b,Aip,Ctla2b,up
Wdr75_Cd72,Wdr75,Cd72,none
Hira_Slfn1,Hira,Slfn1,up
Dph3_Card19,Dph3,Card19,down
Fzr1_Smpdl3a,Fzr1,Smpdl3a,none
Nol10_Gpr84,Nol10,Gpr84,down
Eif1ad_Plpp3,Eif1ad,Plpp3,none
Mafb_Mrgpre,Mafb,Mrgpre,none
Syvn1_Pglyrp1,Syvn1,Pglyrp1,none
Dpm1_Me1,Dpm1,Me1,down
Atp6ap2_Prdx1,Atp6ap2,Prdx1,none
Bap1_Gm57450,Bap1,Gm57450,none
Adnp_Sp3,Adnp,Sp3,none
Fli1_Dbi,Fli1,Dbi,up
Zfp207_Dnajc3,Zfp207,Dnajc3,none
Rtf1_Glrx,Rtf1,Glrx,none
Ctdspl2_Xylt2,Ctdspl2,Xylt2,down
Dpm1_Aif1,Dpm1,Aif1,down
Tyk2_Nabp1,Tyk2,Nabp1,none
Il10rb_Sgo1,Il10rb,Sgo1,none
Cog5_Stmn1,Cog5,Stmn1,down
Myd88_Ctsl,Myd88,Ctsl,none
Cnot2_Akr1a1,Cnot2,Akr1a1,none
Ash2l_Gm20125,Ash2l,Gm20125,up
Ptpa_Lmna,Ptpa,Lmna,up
Irf9_Plcd1,Irf9,Plcd1,none
Cog8_Cxcl2,Cog8,Cxcl2,up
Cdc123_Cyb5r1,Cdc123,Cyb5r1,up
Ss18_Ckb,Ss18,Ckb,none
Ppp2r1a_Smox,Ppp2r1a,Smox,up
Scap_Tlr2,Scap,Tlr2,none
Mphosph10_Cotl1,Mphosph10,Cotl1,down
Vps4b_Chchd6,Vps4b,Chchd6,none
Eny2_Lmna,Eny2,Lmna,up
Copz1_St3gal5,Copz1,St3gal5,down
Tsc2_H3f3b,Tsc2,H3f3b,none
Pfn1_Iigp1,Pfn1,Iigp1,up
Rpap2_Ifit2,Rpap2,Ifit2,none
Rpap2_Sars,Rpap2,Sars,none
Cul2_Tnfaip2,Cul2,Tnfaip2,none
Gpn2_Ctsh,Gpn2,Ctsh,up
Cct4_Sqstm1,Cct4,Sqstm1,none
Bloc1s1_Selenow,Bloc1s1,Selenow,down
Dph3_Bst1,Dph3,Bst1,none
Leo1_Igtp,Leo1,Igtp,up
Ctcf_Med29,Ctcf,Med29,up
Mafb_Il1b,Mafb,Il1b,up
Arid1a_Tmcc3,Arid1a,Tmcc3,up
Txnl4a_Lgals3,Txnl4a,Lgals3,up
Jak1_Mthfd2,Jak1,Mthfd2,none
Pik3c3_Mmp12,Pik3c3,Mmp12,up
Fermt3_Hsp90b1,Fermt3,Hsp90b1,none
Prpf6_Prpf3,Prpf6,Prpf3,up
Clp1_Atf5,Clp1,Atf5,none
Nkap_Mt2,Nkap,Mt2,none
Atf4_Dnmt1,Atf4,Dnmt1,none
Nrbp1_Lipa,Nrbp1,Lipa,none
Pgm3_Lgals3,Pgm3,Lgals3,none
Hdac3_F9,Hdac3,F9,none
Cnot1_Trem2,Cnot1,Trem2,up
Gtf2h1_Fap,Gtf2h1,Fap,up
Rps3_Aif1,Rps3,Aif1,none
Atp6v1a_Gstm5,Atp6v1a,Gstm5,none
Ctdnep1_Tmeff1,Ctdnep1,Tmeff1,up
Ehmt2_Lrp12,Ehmt2,Lrp12,up
Hyou1_Cd69,Hyou1,Cd69,none
Mapkapk2_Skil,Mapkapk2,Skil,none
Heatr1_Gpnmb,Heatr1,Gpnmb,up
Ddx6_Csf3,Ddx6,Csf3,none
Ctdnep1_Zfp512,Ctdnep1,Zfp512,none
Rpl4_Pcdh7,Rpl4,Pcdh7,none
Uvrag_Syngr1,Uvrag,Syngr1,up
Csnk1a1_Cpe,Csnk1a1,Cpe,up
Med25_Prdx1,Med25,Prdx1,down
Qars_Iigp1,Qars,Iigp1,none
Nob1_Gpr84,Nob1,Gpr84,down
Irak4_Rnf128,Irak4,Rnf128,none
Brd2_Gapdh,Brd2,Gapdh,none
Fermt3_Ralgapa2,Fermt3,Ralgapa2,down
Cul3_Il4i1,Cul3,Il4i1,none
Actl6a_Prr13,Actl6a,Prr13,none
Polr2i_Adssl1,Polr2i,Adssl1,up
Spop_Cip2a,Spop,Cip2a,none
Gins2_Ms4a6b,Gins2,Ms4a6b,down
Ap3b1_Ctsc,Ap3b1,Ctsc,down
Rbbp6_Glrx,Rbbp6,Glrx,none
Wdr5_Gclm,Wdr5,Gclm,none
Top3a_Hsp90b1,Top3a,Hsp90b1,down
Cdkn1a_Kif4,Cdkn1a,Kif4,up
Pdcd10_Rfc1,Pdcd10,Rfc1,none
Tln1_Ifitm2,Tln1,Ifitm2,none
Tbc1d10b_Cyb5r1,Tbc1d10b,Cyb5r1,none
Ikbkb_Clec4a1,Ikbkb,Clec4a1,none
Tpt1_Lmo2,Tpt1,Lmo2,none
Spc24_Bnip3,Spc24,Bnip3,down
Kdm1a_Polr2g,Kdm1a,Polr2g,none
Tgif1_Ebi3,Tgif1,Ebi3,up
Acin1_Hmgb2,Acin1,Hmgb2,none
Cdc42_Cnot6l,Cdc42,Cnot6l,none
Irf2_Rcbtb1,Irf2,Rcbtb1,up
Slc33a1_Nlrp3,Slc33a1,Nlrp3,none
Dad1_Wipf1,Dad1,Wipf1,none
Ddx5_Fxyd2,Ddx5,Fxyd2,up
Slc33a1_Oasl1,Slc33a1,Oasl1,none
Slc7a6os_Grcc10,Slc7a6os,Grcc10,up
Rheb_Psma6,Rheb,Psma6,none
Ap3b1_Katnal2,Ap3b1,Katnal2,none
Sptssa_Etnk1,Sptssa,Etnk1,none
Sbno2_S100a6,Sbno2,S100a6,none
Eif4a1_Abca1,Eif4a1,Abca1,up
Irak4_Saa3,Irak4,Saa3,down
Cul1_Cpe,Cul1,Cpe,none
Pdcd10_Slc46a3,Pdcd10,Slc46a3,none
Mcm4_Cd36,Mcm4,Cd36,none
Igbp1_Uchl1,Igbp1,Uchl1,none
Ankrd11_Serp1,Ankrd11,Serp1,none
Dido1_Zfp422,Dido1,Zfp422,up
Tirap_Col18a1,Tirap,Col18a1,none
Pafah1b1_Fxyd2,Pafah1b1,Fxyd2,none
Mnt_Cry1,Mnt,Cry1,up
Dync1h1_Gpnmb,Dync1h1,Gpnmb,up
Csnk1a1_Saa3,Csnk1a1,Saa3,none
Kdm1a_Mtarc2,Kdm1a,Mtarc2,down
Tyk2_Ifit2,Tyk2,Ifit2,down
Pik3c3_Clec4e,Pik3c3,Clec4e,none
Emc7_Prdx6,Emc7,Prdx6,none
Vps33a_Ksr1,Vps33a,Ksr1,none
Cul2_Egln1,Cul2,Egln1,up
Tyrobp_Lipa,Tyrobp,Lipa,none
Stag2_Gadd45b,Stag2,Gadd45b,none
Mphosph10_Il1rn,Mphosph10,Il1rn,none
Pi4kb_B4galt5,Pi4kb,B4galt5,up
Arih1_Cxcl1,Arih1,Cxcl1,none
Gnb2_Cp,Gnb2,Cp,up
Jak1_Gm10785,Jak1,Gm10785,none
Rps19_Cd36,Rps19,Cd36,up
Oxsr1_Npy,Oxsr1,Npy,up
Arid1a_Plcb3,Arid1a,Plcb3,none
Atp6v1b2_Zfas1,Atp6v1b2,Zfas1,none
Rptor_Tmbim1,Rptor,Tmbim1,none
Nrbf2_Rin2,Nrbf2,Rin2,none
Ppp2r2a_Prdx1,Ppp2r2a,Prdx1,none
Cct4_C3,Cct4,C3,down
Ppp6c_AI839979,Ppp6c,AI839979,none
Exosc7_Snhg3,Exosc7,Snhg3,up
Naa35_Itpkb,Naa35,Itpkb,down
Wdr61_Ifih1,Wdr61,Ifih1,none
Mphosph10_Creg1,Mphosph10,Creg1,none
Arid1a_Icam1,Arid1a,Icam1,none
2310011J03Rik_Zfp263,2310011J03Rik,Zfp263,up
Bloc1s1_Fpr2,Bloc1s1,Fpr2,none
Ddx5_Higd1a,Ddx5,Higd1a,none
Dhx15_Aldh1l1,Dhx15,Aldh1l1,none
Tlr4_Uchl1,Tlr4,Uchl1,none
Ddost_Manf,Ddost,Manf,up
Rae1_Smox,Rae1,Smox,up
Tln1_Pilra,Tln1,Pilra,down
Jtb_Hspa5,Jtb,Hspa5,up
Arpc3_Actb,Arpc3,Actb,down
Copz1_Creg1,Copz1,Creg1,none
Ogdh_Parp1,Ogdh,Parp1,none
Pik3c3_Shld1,Pik3c3,Shld1,none
Dad1_Jup,Dad1,Jup,none
Nop16_Serpinb6a,Nop16,Serpinb6a,none
Chmp6_Cmpk2,Chmp6,Cmpk2,up
Cul3_Atg4c,Cul3,Atg4c,none
Otud5_Aif1,Otud5,Aif1,down
Dnajc8_Gm39469,Dnajc8,Gm39469,up
Mms22l_Sqstm1,Mms22l,Sqstm1,none
Sephs1_Hsp90b1,Sephs1,Hsp90b1,none
Alg2_Manf,Alg2,Manf,up
Dnajc8_Itgal,Dnajc8,Itgal,down
Atp6v0e_Alcam,Atp6v0e,Alcam,up
Wdr61_Glrx,Wdr61,Glrx,none
Cct2_Cyb561,Cct2,Cyb561,none
Oxsr1_Folr2,Oxsr1,Folr2,up
Cul3_Cd36,Cul3,Cd36,up
Mcm4_Zfp263,Mcm4,Zfp263,none
Aip_Ly86,Aip,Ly86,none
Ptpa_Rab11fip1,Ptpa,Rab11fip1,none
Tnpo3_Gclm,Tnpo3,Gclm,up
Prpf38b_Creg1,Prpf38b,Creg1,none
Tnfaip3_Ifi206,Tnfaip3,Ifi206,none
Lamtor4_Uchl5,Lamtor4,Uchl5,none
Jtb_Bcl2a1d,Jtb,Bcl2a1d,none
Toe1_Cd36,Toe1,Cd36,none
Vps33a_Gm57341,Vps33a,Gm57341,none
Tnfaip3_Fcgr2b,Tnfaip3,Fcgr2b,none
Trrap_Actb,Trrap,Actb,down
Adnp_Mtarc2,Adnp,Mtarc2,none
Prdm1_Gm56730,Prdm1,Gm56730,up
Becn1_Mmp12,Becn1,Mmp12,up
Il10rb_Pck2,Il10rb,Pck2,none
Snx14_Junb,Snx14,Junb,none
Mapk14_Stx3,Mapk14,Stx3,none
Pfn1_Eif5,Pfn1,Eif5,none
Snapc3_2310001H17Rik,Snapc3,2310001H17Rik,up
Snrnp27_Ctsl,Snrnp27,Ctsl,up
Cmtr1_Gadd45b,Cmtr1,Gadd45b,up
Nprl2_Clec4e,Nprl2,Clec4e,none
Vps33a_Creg1,Vps33a,Creg1,up
Leng8_Blvrb,Leng8,Blvrb,down
Sec62_Evi5,Sec62,Evi5,up
Kars_H2-T22,Kars,H2-T22,none
Cdkn1a_Pilra,Cdkn1a,Pilra,none
Ppp2r1a_Ifit3,Ppp2r1a,Ifit3,up
Toe1_Syngr1,Toe1,Syngr1,up
Dync1h1_Taldo1,Dync1h1,Taldo1,none
Ap3b1_Pdia3,Ap3b1,Pdia3,none
Nelfcd_Irgm1,Nelfcd,Irgm1,up
Cnot1_Cfp,Cnot1,Cfp,none
Ddx6_Abca1,Ddx6,Abca1,none
Mms22l_Cdk18,Mms22l,Cdk18,up
E4f1_Hmox1,E4f1,Hmox1,down
Tnfrsf1a_Clec4e,Tnfrsf1a,Clec4e,down
Yeats4_Eif5,Yeats4,Eif5,none
Alg2_Dnajc3,Alg2,Dnajc3,up
Phb2_Stmn1,Phb2,Stmn1,down
Runx1_Stx3,Runx1,Stx3,none
Dusp1_Icam1,Dusp1,Icam1,down
Rpl26_Cd69,Rpl26,Cd69,up
Naa35_Dnajc1,Naa35,Dnajc1,none
Clp1_Eif5,Clp1,Eif5,none
Abi1_Cd36,Abi1,Cd36,none
Cct5_BC005537,Cct5,BC005537,up
Ly96_Cfp,Ly96,Cfp,none
Atg9a_Sqstm1,Atg9a,Sqstm1,up
Rela_Clec4e,Rela,Clec4e,down
Rps3_Tbc1d9,Rps3,Tbc1d9,none
Zfp710_Psma6,Zfp710,Psma6,none
Traf6_St3gal5,Traf6,St3gal5,none
Ints1_Hmox1,Ints1,Hmox1,none
Fzr1_Ddx56,Fzr1,Ddx56,up
Dr1_Cd9,Dr1,Cd9,up
Dpm3_Il1rn,Dpm3,Il1rn,none
Kin_Cxcl14,Kin,Cxcl14,up
Chmp5_Akr1a1,Chmp5,Akr1a1,up
Ddx5_Ctsl,Ddx5,Ctsl,none
Yeats4_Ctsc,Yeats4,Ctsc,down
Traf6_Il1b,Traf6,Il1b,down
Mtor_Ppm1g,Mtor,Ppm1g,none
Oxsr1_Ifitm6,Oxsr1,Ifitm6,up
Hdac3_Pgm1,Hdac3,Pgm1,none
Paf1_Polr2a,Paf1,Polr2a,up
Nprl2_Folr2,Nprl2,Folr2,up
Ankrd11_Hoxb4,Ankrd11,Hoxb4,none
Arih1_St3gal5,Arih1,St3gal5,none
Rpap2_Ms4a4c,Rpap2,Ms4a4c,down
Wdr70_Ndufa4,Wdr70,Ndufa4,none
Cdkn1a_Atad2,Cdkn1a,Atad2,up
Eif2s1_Tlr3,Eif2s1,Tlr3,none
Abi1_Thbs1,Abi1,Thbs1,none
Sptlc1_Prnp,Sptlc1,Prnp,up
Ube4b_Gm42717,Ube4b,Gm42717,none
Atp6v1a_Gm26569,Atp6v1a,Gm26569,none
Atg101_Gm57462,Atg101,Gm57462,none
Bcl6_Alas1,Bcl6,Alas1,up
Dusp1_Mtdh,Dusp1,Mtdh,down
Paf1_Uchl1,Paf1,Uchl1,none
Bcl6_Mthfs,Bcl6,Mthfs,none
Derl2_Manf,Derl2,Manf,up
Dph3_Slc48a1,Dph3,Slc48a1,down
Prpf38b_Ifitm6,Prpf38b,Ifitm6,up
Ticam2_Cd300ld,Ticam2,Cd300ld,up
Mta2_Insl6,Mta2,Insl6,up
Usp7_Uchl1,Usp7,Uchl1,none
Rb1cc1_Creg1,Rb1cc1,Creg1,up
Tubg1_Prkcb,Tubg1,Prkcb,none
Pgm3_Mtarc2,Pgm3,Mtarc2,none
Bcl6_Mmp12,Bcl6,Mmp12,up
Gpn2_Mmp12,Gpn2,Mmp12,none
Sptlc1_Dock10,Sptlc1,Dock10,none
Rb1_Gpnmb,Rb1,Gpnmb,none
Mbtps2_Trp53i11,Mbtps2,Trp53i11,none
Tbk1_Rgs18,Tbk1,Rgs18,none
Arpc2_Rap2a,Arpc2,Rap2a,up
Cbfb_Ranbp2,Cbfb,Ranbp2,none
Rbm14_B4galt5,Rbm14,B4galt5,up
Mphosph10_Dhcr24,Mphosph10,Dhcr24,none
Ifnar1_Cd63,Ifnar1,Cd63,none
Dido1_2410017I17Rik,Dido1,2410017I17Rik,up
Nprl2_Cmpk2,Nprl2,Cmpk2,none
Zfp710_Stk39,Zfp710,Stk39,up
Dpm3_Saa3,Dpm3,Saa3,none
Srsf10_Timp2,Srsf10,Timp2,none
Rptor_Selenow,Rptor,Selenow,none
Rragc_Lgals3,Rragc,Lgals3,up
Arih1_Gpx4,Arih1,Gpx4,none
Cog5_Fchsd2,Cog5,Fchsd2,none
Rps5_Cks1b,Rps5,Cks1b,none
Emc7_Pak1,Emc7,Pak1,up
Chmp5_Lmna,Chmp5,Lmna,none
Cwc25_Apbb2,Cwc25,Apbb2,up
Srrd_Tubb6,Srrd,Tubb6,none
Slc33a1_Hsp90b1,Slc33a1,Hsp90b1,up
Paf1_Lgals3,Paf1,Lgals3,none
Rpl35_Ptpn12,Rpl35,Ptpn12,none
Nrbf2_Cd36,Nrbf2,Cd36,up
Smarcd2_Dnase1l1,Smarcd2,Dnase1l1,down
Kat8_Hp,Kat8,Hp,none
Hnrnpu_Ctsl,Hnrnpu,Ctsl,up
Nckap1l_Ifih1,Nckap1l,Ifih1,none
Tgif1_Slc48a1,Tgif1,Slc48a1,down
Exoc5_H2-M2,Exoc5,H2-M2,up
Dido1_C1qb,Dido1,C1qb,none
Tsc2_Cd63,Tsc2,Cd63,up
Kat8_Trim30c,Kat8,Trim30c,none
Vps4b_Tgm2,Vps4b,Tgm2,up
Acin1_C3,Acin1,C3,down
Zbtb17_Cxcl2,Zbtb17,Cxcl2,none
Plrg1_Blvrb,Plrg1,Blvrb,none
Chd4_Alox5ap,Chd4,Alox5ap,down
Rbbp6_Sec11c,Rbbp6,Sec11c,up
Ubr4_Atf5,Ubr4,Atf5,none
Pfdn6_Lmna,Pfdn6,Lmna,none
Yy1_Saa3,Yy1,Saa3,none
Cbll1_S100a10,Cbll1,S100a10,down
Otud5_Glrx,Otud5,Glrx,none
Ddost_Ttll12,Ddost,Ttll12,none
Slc7a6os_Comtd1,Slc7a6os,Comtd1,up
Emc3_Marcksl1,Emc3,Marcksl1,down
Tubg1_Pate2,Tubg1,Pate2,none
Dync1i2_Large1,Dync1i2,Large1,up
Psmd1_Saa3,Psmd1,Saa3,none
Rpn1_Hspa5,Rpn1,Hspa5,up
Igbp1_Prdx1,Igbp1,Prdx1,up
Ptpn2_Btg1,Ptpn2,Btg1,none
Exoc5_Stx3,Exoc5,Stx3,up
Nelfa_C1qb,Nelfa,C1qb,none
Actr2_Ppm1k,Actr2,Ppm1k,none
Pias1_4933439K11Rik,Pias1,4933439K11Rik,none
Srrd_Uchl1,Srrd,Uchl1,down
Gpn2_Igf1,Gpn2,Igf1,none
Mettl3_Plpp3,Mettl3,Plpp3,up
Dad1_Hsp90b1,Dad1,Hsp90b1,up
Rtf1_Gm56955,Rtf1,Gm56955,up
Gspt1_Acer3,Gspt1,Acer3,up
Mphosph10_Mast4,Mphosph10,Mast4,none
Stk11_Thbs1,Stk11,Thbs1,up
Egln1_Fcgr2b,Egln1,Fcgr2b,none
Bloc1s1_Hspa5,Bloc1s1,Hspa5,none
Nolc1_Cotl1,Nolc1,Cotl1,down
Rpl4_Cmpk2,Rpl4,Cmpk2,up
Top3a_Timp2,Top3a,Timp2,none
Dcaf13_Icam1,Dcaf13,Icam1,none
Rtf1_Cdadc1,Rtf1,Cdadc1,none
Kin_Rnf149,Kin,Rnf149,none
Rps3_Nampt,Rps3,Nampt,up
Mta2_Adamtsl5,Mta2,Adamtsl5,up
Ctcf_Impa2,Ctcf,Impa2,none
Eif4a1_Fxyd5,Eif4a1,Fxyd5,down
Ppp2r2a_Sap30,Ppp2r2a,Sap30,none
Prpf38b_Pcdh7,Prpf38b,Pcdh7,up
Mapkapk2_Ifit2,Mapkapk2,Ifit2,up
Ppp2r2a_Plaur,Ppp2r2a,Plaur,none
Fzr1_Dph6,Fzr1,Dph6,up
Cct5_Prdx5,Cct5,Prdx5,down
Plrg1_Sv2a,Plrg1,Sv2a,none
Srsf10_Ifit3,Srsf10,Ifit3,none
Actr6_Igsf6,Actr6,Igsf6,none
Gtf2h1_Clec7a,Gtf2h1,Clec7a,none
Rbck1_Bcl2a1d,Rbck1,Bcl2a1d,down
Vps72_Hspa5,Vps72,Hspa5,none
Ly96_Dag1,Ly96,Dag1,none
Spout1_Gbp5,Spout1,Gbp5,up
Emc3_Fcgr2b,Emc3,Fcgr2b,none
Atp6v1b2_Clec4e,Atp6v1b2,Clec4e,up
Myc_Hivep2,Myc,Hivep2,up
Eftud2_Csf2rb,Eftud2,Csf2rb,none
Cul2_Slc6a8,Cul2,Slc6a8,none
Cnot2_Rsad2,Cnot2,Rsad2,up
Rpl4_Spryd7,Rpl4,Spryd7,up
Bloc1s1_Mmp12,Bloc1s1,Mmp12,up
Cdc123_Gbp2,Cdc123,Gbp2,none
Sec13_Prnp,Sec13,Prnp,none
Dad1_Manf,Dad1,Manf,up
Rbbp6_Cd83,Rbbp6,Cd83,up
Emc3_Tmem178,Emc3,Tmem178,up
Eny2_Rnf169,Eny2,Rnf169,none
Atp6v0e_Dynll1,Atp6v0e,Dynll1,none
Rpl35_Traf1,Rpl35,Traf1,none
Cbll1_Ss18l2,Cbll1,Ss18l2,none
Ints9_Gusb,Ints9,Gusb,up
Prpf38b_Ctsl,Prpf38b,Ctsl,up
E4f1_Igtp,E4f1,Igtp,up
Usp7_Ctsl,Usp7,Ctsl,none
Cul3_Pf4,Cul3,Pf4,up
Alg2_Ube2cbp,Alg2,Ube2cbp,none
Ube2m_Mmp12,Ube2m,Mmp12,up
Mapk14_Clec4d,Mapk14,Clec4d,down
Chmp5_Creg1,Chmp5,Creg1,up
Pias1_Rap2a,Pias1,Rap2a,up
Rb1_Atad2,Rb1,Atad2,up
Pias1_Lipa,Pias1,Lipa,none
Dda1_Lima1,Dda1,Lima1,down
Rbm14_Saa3,Rbm14,Saa3,down
Dnajc8_Chrna5,Dnajc8,Chrna5,none
Wdr36_Fubp1,Wdr36,Fubp1,none
Sbno2_Tnfaip2,Sbno2,Tnfaip2,up
Hnrnpu_Blvrb,Hnrnpu,Blvrb,none
Taf5l_Npy,Taf5l,Npy,down
Atp6v1e1_Lipa,Atp6v1e1,Lipa,up
Vps72_C3,Vps72,C3,down
Mapk14_H3f3b,Mapk14,H3f3b,none
Mtor_Cd44,Mtor,Cd44,none
Dcaf13_Calr,Dcaf13,Calr,down
Sephs1_Cyb5r1,Sephs1,Cyb5r1,none
Nprl2_Manf,Nprl2,Manf,none
Srsf10_Tbrg1,Srsf10,Tbrg1,none
Atg9a_Polr2a,Atg9a,Polr2a,none
Ankrd11_S100a10,Ankrd11,S100a10,none
Cd14_Cav1,Cd14,Cav1,down
Rpp21_Mthfd2,Rpp21,Mthfd2,up
Cul3_Trim30c,Cul3,Trim30c,none
Ly96_Tgm2,Ly96,Tgm2,up
Trappc1_Pilra,Trappc1,Pilra,none
Actr2_Clec4n,Actr2,Clec4n,up
Ctcf_Fgd2,Ctcf,Fgd2,up
Top3a_Il15,Top3a,Il15,up
Tpr_Cdc42ep2,Tpr,Cdc42ep2,none
Rhoa_Cd44,Rhoa,Cd44,up
Vps41_Selenow,Vps41,Selenow,down
Hsp90b1_Clec4n,Hsp90b1,Clec4n,none
Irf8_Phlpp1,Irf8,Phlpp1,down
Snx14_Creg1,Snx14,Creg1,up
Prpf19_Prdx5,Prpf19,Prdx5,down
Elavl1_Actb,Elavl1,Actb,down
Nfkbiz_S100a1,Nfkbiz,S100a1,none
Wdr48_Mmp12,Wdr48,Mmp12,none
Fzr1_Taldo1,Fzr1,Taldo1,none
Rc3h1_C3,Rc3h1,C3,down
Wdr1_Nsun2,Wdr1,Nsun2,none
Rheb_Lztfl1,Rheb,Lztfl1,up
Ncor2_Cpe,Ncor2,Cpe,down
Jak1_Gbp2,Jak1,Gbp2,down
Atp6v1a_Psma6,Atp6v1a,Psma6,down
Ric1_Gm8369,Ric1,Gm8369,none
Cnot2_Sorl1,Cnot2,Sorl1,none
Ankrd11_Cotl1,Ankrd11,Cotl1,none
Derl2_Pdia3,Derl2,Pdia3,up
Ylpm1_Col1a2,Ylpm1,Col1a2,none
2310011J03Rik_Gngt2,2310011J03Rik,Gngt2,none
Cul1_Ahsa1,Cul1,Ahsa1,up
Rcl1_Abca1,Rcl1,Abca1,up
Hsp90b1_Uchl1,Hsp90b1,Uchl1,none
Irf2_Saa3,Irf2,Saa3,none
Igbp1_Klhl24,Igbp1,Klhl24,none
Usp7_Prdx6,Usp7,Prdx6,none
Yy1_Gapdh,Yy1,Gapdh,none
Srsf7_Saa3,Srsf7,Saa3,down
Pias1_Tnfrsf21,Pias1,Tnfrsf21,none
Lamtor4_Gpc1,Lamtor4,Gpc1,none
Smarcd2_Gm47507,Smarcd2,Gm47507,none
Cct7_Saa3,Cct7,Saa3,down
Wtap_Ccrl2,Wtap,Ccrl2,up
Mms22l_Elk3,Mms22l,Elk3,none
Rpn2_Hspa5,Rpn2,Hspa5,up
Rnf40_Shb,Rnf40,Shb,none
Fermt3_Ecpas,Fermt3,Ecpas,none
Vps33a_Ftl1,Vps33a,Ftl1,up
Dda1_Exoc6b,Dda1,Exoc6b,none
Dync1i2_Fmr1,Dync1i2,Fmr1,up
Polr1f_Serpinb6a,Polr1f,Serpinb6a,none
Tcp1_AA467197,Tcp1,AA467197,down
Nelfb_H3f3b,Nelfb,H3f3b,up
Emc7_Gpnmb,Emc7,Gpnmb,none
Trem2_Stmn1,Trem2,Stmn1,down
Cog8_Ifit3b,Cog8,Ifit3b,none
Setd2_Cxcl1,Setd2,Cxcl1,none
Nkap_Igsf6,Nkap,Igsf6,down
Plrg1_Lfng,Plrg1,Lfng,none
Oxsr1_Hivep3,Oxsr1,Hivep3,down
Gtf2a2_Ifit3,Gtf2a2,Ifit3,down
Tubg1_Cmpk2,Tubg1,Cmpk2,none
Nckap1l_Rnf213,Nckap1l,Rnf213,none
Dpy30_Lmna,Dpy30,Lmna,none
Vhl_Bnip3,Vhl,Bnip3,up
Dcaf7_Mtdh,Dcaf7,Mtdh,none
Ncor2_Maf,Ncor2,Maf,up
Rpl26_Nampt,Rpl26,Nampt,up
Junb_Gapdh,Junb,Gapdh,none
Nfyc_Tes,Nfyc,Tes,down
Dync1i2_Etv3,Dync1i2,Etv3,up
Rptor_C1qb,Rptor,C1qb,down
Traf2_Ctsk,Traf2,Ctsk,up
Tpr_Rsad2,Tpr,Rsad2,none
Trrap_Sec11c,Trrap,Sec11c,none
Ints9_Ptpn6,Ints9,Ptpn6,down
Spop_Selenow,Spop,Selenow,none
Rpl26_Fgl2,Rpl26,Fgl2,none
Mphosph10_Gm5150,Mphosph10,Gm5150,none
Rps26_1700017B05Rik,Rps26,1700017B05Rik,none
Paf1_Fcgr2b,Paf1,Fcgr2b,none
Arpc3_Rap2a,Arpc3,Rap2a,up
Pgm3_Krtcap2,Pgm3,Krtcap2,up
Prpf38b_Lmo2,Prpf38b,Lmo2,none
Qars_Zup1,Qars,Zup1,none
Rel_Csf3,Rel,Csf3,up
Atp6v1e1_Rhoc,Atp6v1e1,Rhoc,none
Meaf6_Traf1,Meaf6,Traf1,down
Rab7_Pmp22,Rab7,Pmp22,down
Ppp2r1a_Igtp,Ppp2r1a,Igtp,up
Strip1_Thbs1,Strip1,Thbs1,up
Atp6v0e_H2-Q7,Atp6v0e,H2-Q7,none
Arpc3_Zmym2,Arpc3,Zmym2,none
Mideas_Hspa1a,Mideas,Hspa1a,none
Tut1_S100a6,Tut1,S100a6,up
Cop1_Hsp90ab1,Cop1,Hsp90ab1,down
Mau2_Pla2g12a,Mau2,Pla2g12a,none
Scap_Clec4a1,Scap,Clec4a1,down
Ylpm1_Rab34,Ylpm1,Rab34,up
Rbck1_Clec4e,Rbck1,Clec4e,down
Polr2i_Kctd12,Polr2i,Kctd12,none
Fth1_Rnf103,Fth1,Rnf103,none
Rhoa_Gm20125,Rhoa,Gm20125,none
Gins3_Eif2s3y,Gins3,Eif2s3y,down
Zfp36_Snhg15,Zfp36,Snhg15,none
Fzr1_Ccng1,Fzr1,Ccng1,up
Rae1_Ppip5k1,Rae1,Ppip5k1,none
Copz1_Gpnmb,Copz1,Gpnmb,none
Smarcd2_Clec4a3,Smarcd2,Clec4a3,up
Cnot2_Calr,Cnot2,Calr,none
Ss18_BC051226,Ss18,BC051226,none
Ubr4_N6amt1,Ubr4,N6amt1,none
Rbm14_Cxcl2,Rbm14,Cxcl2,none
Dpy30_Slc4a7,Dpy30,Slc4a7,up
Prpf19_Psma6,Prpf19,Psma6,down
Sptssa_Vcan,Sptssa,Vcan,up
Clp1_Ccrl2,Clp1,Ccrl2,none
Gspt1_H2-Q7,Gspt1,H2-Q7,up
Mapk14_Esd,Mapk14,Esd,down
Naa35_Cd36,Naa35,Cd36,none
Ube2h_Hsp90b1,Ube2h,Hsp90b1,none
Tgif1_Alas1,Tgif1,Alas1,none
Prpf6_Nol8,Prpf6,Nol8,up
Hdac3_Lgals3,Hdac3,Lgals3,up
Irf9_Smox,Irf9,Smox,none
Sec62_H3f3b,Sec62,H3f3b,none
Pi4kb_Tnfaip8l2,Pi4kb,Tnfaip8l2,down
Atp6v1e1_1700007L15Rik,Atp6v1e1,1700007L15Rik,none
Top3a_Ccl9,Top3a,Ccl9,none
Kat8_Il6st,Kat8,Il6st,none
Irf2_Ran,Irf2,Ran,up
Arpc2_Tnfrsf23,Arpc2,Tnfrsf23,none
Xpo1_Hsp90ab1,Xpo1,Hsp90ab1,none
Arih1_Hivep3,Arih1,Hivep3,down
Prdm1_Maf,Prdm1,Maf,down
Mau2_Hpgds,Mau2,Hpgds,none
Rb1_Il7r,Rb1,Il7r,none
Lamtor2_Glrx,Lamtor2,Glrx,down
Dcaf7_Uchl1,Dcaf7,Uchl1,down
Dcaf13_Mylk,Dcaf13,Mylk,none
Polr1f_Pak1,Polr1f,Pak1,none
Ptpa_Blnk,Ptpa,Blnk,none
Nrbf2_Prdx1,Nrbf2,Prdx1,up
Exosc7_Fosl2,Exosc7,Fosl2,none
Ddb1_Phlda3,Ddb1,Phlda3,up
Slc33a1_Ifih1,Slc33a1,Ifih1,none
Sec63_Rpn1,Sec63,Rpn1,up
Chmp3_Acsl5,Chmp3,Acsl5,none
Leng8_Polr2g,Leng8,Polr2g,none
Igbp1_Krtcap2,Igbp1,Krtcap2,none
Pdcd10_Il7r,Pdcd10,Il7r,none
Cct4_Reep3,Cct4,Reep3,up
Lamtor4_Map1b,Lamtor4,Map1b,none
Mcm4_Ppm1k,Mcm4,Ppm1k,up
Vhl_D630023F18Rik,Vhl,D630023F18Rik,none
Usp9x_Coq8a,Usp9x,Coq8a,none
Cdkn1a_Bcl6,Cdkn1a,Bcl6,none
Ash2l_C1qb,Ash2l,C1qb,down
Fth1_Sqstm1,Fth1,Sqstm1,up
Tirap_Lrrc25,Tirap,Lrrc25,down
Stk11_Naf1,Stk11,Naf1,none
Med25_Tpi1,Med25,Tpi1,up
Meaf6_Glrx,Meaf6,Glrx,none
Ppp6c_Smim19,Ppp6c,Smim19,none
Ncor2_Selenow,Ncor2,Selenow,none
Scap_Ctsc,Scap,Ctsc,down
Mbtps2_Mmp12,Mbtps2,Mmp12,up
Sars_Lgals3,Sars,Lgals3,up
Rps3_Clip1,Rps3,Clip1,none
Dpm1_Iigp1,Dpm1,Iigp1,none
Dr1_Clec4e,Dr1,Clec4e,down
Rnf40_Col23a1,Rnf40,Col23a1,none
Cul3_Prdx1,Cul3,Prdx1,up
Suz12_Rbms1,Suz12,Rbms1,none
Ppp2r1a_Ddit3,Ppp2r1a,Ddit3,none
Il10ra_Cxcl2,Il10ra,Cxcl2,up
Traf3_Ifi30,Traf3,Ifi30,up
Rbbp6_Selenow,Rbbp6,Selenow,none
Pdcd10_Cd44,Pdcd10,Cd44,up
Sec63_Fcgr2b,Sec63,Fcgr2b,none
Kdsr_Uchl1,Kdsr,Uchl1,none
Ppp2r2a_Ccl9,Ppp2r2a,Ccl9,none
Telo2_Clec7a,Telo2,Clec7a,up
Hsp90ab1_Ebi3,Hsp90ab1,Ebi3,none
Smc3_Prdx5,Smc3,Prdx5,down
Trappc1_Cxcl2,Trappc1,Cxcl2,up
Prpf40a_Spats2,Prpf40a,Spats2,none
Mnt_Selplg,Mnt,Selplg,down
Cmtr1_Creg1,Cmtr1,Creg1,none
Runx1_Nedd4,Runx1,Nedd4,up
Jtb_Cd300a,Jtb,Cd300a,none
Stag2_Reps1,Stag2,Reps1,up
Egln1_Pdia3,Egln1,Pdia3,none
Cog3_Prdx5,Cog3,Prdx5,none
Eif2s1_Hipk1,Eif2s1,Hipk1,up
Atf4_Lgals3,Atf4,Lgals3,none
Ppp2r1a_Calr,Ppp2r1a,Calr,none
Cop1_Trappc9,Cop1,Trappc9,none
Derl2_Cmpk2,Derl2,Cmpk2,none
Sart3_Dhrs11,Sart3,Dhrs11,none
Ddx5_Tpm2,Ddx5,Tpm2,none
Cdc42_Cd63,Cdc42,Cd63,none
Tln1_Cd72,Tln1,Cd72,down
Prpf6_Ociad2,Prpf6,Ociad2,none
Pgm3_Sqstm1,Pgm3,Sqstm1,none
Sec62_Fosl2,Sec62,Fosl2,none
Rbm15_B4galt5,Rbm15,B4galt5,none
Cul3_Grcc10,Cul3,Grcc10,none
Jtb_Sqstm1,Jtb,Sqstm1,up
Actl6a_Fzd1,Actl6a,Fzd1,up
Tbk1_Lacc1,Tbk1,Lacc1,none
Vhl_Spryd7,Vhl,Spryd7,none
Irf9_Bcl2l11,Irf9,Bcl2l11,none
Gpn2_Maf,Gpn2,Maf,none
Hyou1_Ifit2,Hyou1,Ifit2,none
Pten_Serpinb6b,Pten,Serpinb6b,up
Dph3_C1qb,Dph3,C1qb,none
Hsp90b1_Fxyd2,Hsp90b1,Fxyd2,none
Aip_Map4k4,Aip,Map4k4,up
Ash2l_2310009B15Rik,Ash2l,2310009B15Rik,none
Rbck1_Plxdc2,Rbck1,Plxdc2,none
Sars_Krtcap2,Sars,Krtcap2,up
Tmem258_Hspa5,Tmem258,Hspa5,up
Exoc5_H2-Q7,Exoc5,H2-Q7,none
Psmg4_Mmp12,Psmg4,Mmp12,up
Med25_Ckb,Med25,Ckb,none
Snx14_Gpnmb,Snx14,Gpnmb,up
Becn1_Ttc17,Becn1,Ttc17,none
Tnfrsf1a_Apobec1,Tnfrsf1a,Apobec1,up
Tyrobp_Sec11c,Tyrobp,Sec11c,down
Lamtor2_Selenow,Lamtor2,Selenow,none
Eftud2_Maf,Eftud2,Maf,none
Atg9a_H2-Ab1,Atg9a,H2-Ab1,none
Uvrag_Oasl1,Uvrag,Oasl1,down
Exoc5_Odc1,Exoc5,Odc1,none
Rbbp6_Glipr1,Rbbp6,Glipr1,up
Atf4_B4galt6,Atf4,B4galt6,none
Rpl35_Mir22hg,Rpl35,Mir22hg,up
Axin1_Hmces,Axin1,Hmces,none
Ncbp1_Ifi27,Ncbp1,Ifi27,up
Usp9x_Sqstm1,Usp9x,Sqstm1,up
Ube2h_Gngt2,Ube2h,Gngt2,none
Dohh_Kctd12,Dohh,Kctd12,none
Nelfb_Cd36,Nelfb,Cd36,up
Cmtr1_Odc1,Cmtr1,Odc1,none
Kat8_Ptafr,Kat8,Ptafr,none
Atg101_Erich2os,Atg101,Erich2os,none
Trem2_Prrc2b,Trem2,Prrc2b,none
Sars_Gm44418,Sars,Gm44418,none
Ankrd11_Itgal,Ankrd11,Itgal,none
Ccdc22_Cd200r1,Ccdc22,Cd200r1,up
Kat8_Saa3,Kat8,Saa3,none
Gtf2h1_Selenow,Gtf2h1,Selenow,none
Tgif1_Cdkn2d,Tgif1,Cdkn2d,up
Spc24_Akr1a1,Spc24,Akr1a1,none
Ogt_Rsad2,Ogt,Rsad2,up
Rpl35_Dnajb9,Rpl35,Dnajb9,none
Rae1_Ctsl,Rae1,Ctsl,up
Cnot1_Notch1,Cnot1,Notch1,none
Gspt1_Slc3a2,Gspt1,Slc3a2,none
Ndc80_Rnf128,Ndc80,Rnf128,up
Ippk_Creg1,Ippk,Creg1,none
Kars_Gbp2,Kars,Gbp2,up
Ddx6_Ms4a4c,Ddx6,Ms4a4c,none
Nelfcd_Sec24a,Nelfcd,Sec24a,none
Exoc5_H2-Ab1,Exoc5,H2-Ab1,up
Psmd4_Mllt11,Psmd4,Mllt11,up
Ctdspl2_Slfn4,Ctdspl2,Slfn4,up
Srrd_Sqstm1,Srrd,Sqstm1,up
Gnb2_Uchl1,Gnb2,Uchl1,none
Abi1_Hacd3,Abi1,Hacd3,none
Rbm15_Slc12a9,Rbm15,Slc12a9,down
Vps4b_Prdx6,Vps4b,Prdx6,up
Heatr1_Prdx1,Heatr1,Prdx1,none
Heatr1_Chst11,Heatr1,Chst11,none
Kdm1a_Atp6v0d2,Kdm1a,Atp6v0d2,none
Gtf2h1_Etnk1,Gtf2h1,Etnk1,up
Dpy30_Marcksl1,Dpy30,Marcksl1,none
Ttc1_Ctsh,Ttc1,Ctsh,none
Gins3_Gm5150,Gins3,Gm5150,none
Hspa4_Krtcap2,Hspa4,Krtcap2,none
Rptor_Malt1,Rptor,Malt1,up
Axin1_Ptgs1,Axin1,Ptgs1,none
Usp7_Rfc5,Usp7,Rfc5,none
Cct7_Fcgr2b,Cct7,Fcgr2b,down
Rbck1_Patj,Rbck1,Patj,none
Suz12_Vma21,Suz12,Vma21,down
Cd14_Heca,Cd14,Heca,none
Nop16_Nfe2l2,Nop16,Nfe2l2,none
Sec62_Il1rn,Sec62,Il1rn,down
Rpl4_Ftl1-ps1,Rpl4,Ftl1-ps1,none
Snapc3_Hspa1b,Snapc3,Hspa1b,none
Sec63_Lpxn,Sec63,Lpxn,none
Prpf6_Vegfa,Prpf6,Vegfa,none
Cct2_Cmpk2,Cct2,Cmpk2,up
Nolc1_Smpdl3a,Nolc1,Smpdl3a,none
Sec63_Calr,Sec63,Calr,up
Ylpm1_Il1rn,Ylpm1,Il1rn,down
Ubr4_S100a11,Ubr4,S100a11,up
Bap1_Mmp12,Bap1,Mmp12,none
Traf6_Cenpa,Traf6,Cenpa,up
Dhx15_Ranbp2,Dhx15,Ranbp2,none
Atp6v0e_Cd53,Atp6v0e,Cd53,up
Toe1_Dcxr,Toe1,Dcxr,none
Tnpo3_St3gal5,Tnpo3,St3gal5,none
Ppp2r3c_Blvrb,Ppp2r3c,Blvrb,none
Tpt1_Adgre5,Tpt1,Adgre5,none
Wdr70_Gan,Wdr70,Gan,up
Dohh_Mir22hg,Dohh,Mir22hg,none
Sec13_H2-Q7,Sec13,H2-Q7,none
Ctcf_Prdx6,Ctcf,Prdx6,up
Med20_Ptafr,Med20,Ptafr,none
Wdr48_Ccl2,Wdr48,Ccl2,none
Myc_Smyd3,Myc,Smyd3,none
Nrbp1_Gngt2,Nrbp1,Gngt2,none
Nelfb_Utp14b,Nelfb,Utp14b,none
Atg9a_Acod1,Atg9a,Acod1,none
Lamtor4_Lgals3,Lamtor4,Lgals3,up
Ing3_S100a10,Ing3,S100a10,none
Igbp1_Mtdh,Igbp1,Mtdh,none
Srsf7_Rab32,Srsf7,Rab32,down
Pik3r4_Akr1a1,Pik3r4,Akr1a1,up
Brd2_Sqstm1,Brd2,Sqstm1,up
Pten_Zfand4,Pten,Zfand4,none
Uxt_Ccr5,Uxt,Ccr5,none
Leng8_Fos,Leng8,Fos,up
Atg101_Il6,Atg101,Il6,up
Atp6ap2_Pf4,Atp6ap2,Pf4,down
Adnp_Lgals3,Adnp,Lgals3,down
Mafb_Lmna,Mafb,Lmna,none
Tlr4_Selenow,Tlr4,Selenow,none
Eny2_Pdia3,Eny2,Pdia3,none
Cop1_Pf4,Cop1,Pf4,down
Tirap_Mospd2,Tirap,Mospd2,none
Msto1_Slc26a4,Msto1,Slc26a4,none
Sart3_Kctd12,Sart3,Kctd12,none
Brd2_Hexim1,Brd2,Hexim1,up
Pdcd10_Flrt3,Pdcd10,Flrt3,up
Setd2_Ccl2,Setd2,Ccl2,up
Nckap1l_Ms4a6b,Nckap1l,Ms4a6b,none
Qars_Phlpp1,Qars,Phlpp1,none
Top3a_Syngr1,Top3a,Syngr1,up
Eif2s1_Mt2,Eif2s1,Mt2,up
Wdr43_Arfgef2,Wdr43,Arfgef2,none
Jak1_Ifit2,Jak1,Ifit2,down
Cd14_Rnf19a,Cd14,Rnf19a,up
Nckap1l_Hilpda,Nckap1l,Hilpda,none
Ddx18_Creg1,Ddx18,Creg1,none
Tpr_H2-Ab1,Tpr,H2-Ab1,up
Dync1h1_Tnfsf4,Dync1h1,Tnfsf4,none
Hnrnpu_Sqstm1,Hnrnpu,Sqstm1,up
Cul3_Ctsh,Cul3,Ctsh,none
Nol10_B3gnt8,Nol10,B3gnt8,none
Arih1_Pilra,Arih1,Pilra,down
Ifnar1_Plcd1,Ifnar1,Plcd1,none
Cmtr1_Cd164,Cmtr1,Cd164,none
Nolc1_Cacna1d,Nolc1,Cacna1d,none
Hnrnpu_Lacc1,Hnrnpu,Lacc1,down
Plrg1_Anxa3,Plrg1,Anxa3,none
Dpm2_Aif1,Dpm2,Aif1,down
Ccdc22_Fcgr4,Ccdc22,Fcgr4,none
Kdm1a_Tpd52l1,Kdm1a,Tpd52l1,none
Cul2_Tpi1,Cul2,Tpi1,up
Atxn7l3_Cd63,Atxn7l3,Cd63,none
Eif2s1_Cyb5r1,Eif2s1,Cyb5r1,up
Il10ra_Ctsh,Il10ra,Ctsh,none
Ddx5_Alcam,Ddx5,Alcam,none
Snx14_Mmp12,Snx14,Mmp12,up
Stk11_Clec4e,Stk11,Clec4e,none
Srsf7_Gadd45g,Srsf7,Gadd45g,none
Ints1_Sqstm1,Ints1,Sqstm1,none
Uxt_Saa3,Uxt,Saa3,down
Pten_Gpr84,Pten,Gpr84,none
Top3a_Cxcl2,Top3a,Cxcl2,up
Dync1i2_Ifit2,Dync1i2,Ifit2,none
Leng1_Actb,Leng1,Actb,none
Myc_Ftl1-ps1,Myc,Ftl1-ps1,down
Smg5_Cox6a2,Smg5,Cox6a2,none
Irf2_Gbp3,Irf2,Gbp3,up
Ly96_Il1b,Ly96,Il1b,down
Mphosph10_Maf,Mphosph10,Maf,none
Eif1ad_Lgals3,Eif1ad,Lgals3,none
Usp9x_Akr1b3,Usp9x,Akr1b3,none
Trappc1_Camsap2,Trappc1,Camsap2,none
Ube4b_Ccr5,Ube4b,Ccr5,up
Txnl4a_Acod1,Txnl4a,Acod1,down
Mphosph10_Prkn,Mphosph10,Prkn,up
Ss18_Col18a1,Ss18,Col18a1,up
Dync1i2_Mmp12,Dync1i2,Mmp12,none
Tubg1_Oasl1,Tubg1,Oasl1,down
Wtap_Car5b,Wtap,Car5b,none
Rel_Nherf1,Rel,Nherf1,up
Tbc1d10b_Lgals3,Tbc1d10b,Lgals3,up
Wdr48_Cep83,Wdr48,Cep83,none
Irak4_Foxp1,Irak4,Foxp1,down
Cct7_Tspan3,Cct7,Tspan3,none
Rraga_Odc1,Rraga,Odc1,none
Spop_Car2,Spop,Car2,up
Il10rb_Ifitm2,Il10rb,Ifitm2,down
Chmp6_Malt1,Chmp6,Malt1,none
Tbc1d10b_Odc1,Tbc1d10b,Odc1,none
Leng1_Syngr1,Leng1,Syngr1,none
Spc24_Cacna1d,Spc24,Cacna1d,none
Snx13_Gpnmb,Snx13,Gpnmb,up
Wdr70_Arhgap6,Wdr70,Arhgap6,up
Psmd13_Pbx1,Psmd13,Pbx1,none
Eif2s1_Trib3,Eif2s1,Trib3,up
Egln1_Brd2,Egln1,Brd2,none
Prpf19_Adssl1,Prpf19,Adssl1,up
Tnpo3_S100a10,Tnpo3,S100a10,none
Rb1cc1_Polr2a,Rb1cc1,Polr2a,none
Polr1f_Gbp8,Polr1f,Gbp8,up
Eny2_Crip1,Eny2,Crip1,up
Atg101_Polr2g,Atg101,Polr2g,up
Dpm1_Chpf,Dpm1,Chpf,none
Pgm3_Cd72,Pgm3,Cd72,none
Klf6_Coro2a,Klf6,Coro2a,down
Sfpq_D17H6S56E-5,Sfpq,D17H6S56E-5,none
Irak4_Clec4e,Irak4,Clec4e,none
Nkap_Serpinb6a,Nkap,Serpinb6a,up
Alg2_Cyb5r1,Alg2,Cyb5r1,up
Rps5_Tmem176b,Rps5,Tmem176b,none
Mapkapk2_Gbe1,Mapkapk2,Gbe1,none
Tcp1_Acod1,Tcp1,Acod1,none
Rtf1_Pou3f1,Rtf1,Pou3f1,up
Trappc8_Doc2g,Trappc8,Doc2g,none
Psmd13_Uchl1,Psmd13,Uchl1,up
2310011J03Rik_Taldo1,2310011J03Rik,Taldo1,none
Mcm4_H2-Q7,Mcm4,H2-Q7,none
Leng8_Tubb6,Leng8,Tubb6,none
Prdm1_Clec4d,Prdm1,Clec4d,none
Ehmt2_Pdcd4,Ehmt2,Pdcd4,none
Bag6_Etnk1,Bag6,Etnk1,none
Srsf1_Cd68,Srsf1,Cd68,up
Gins4_Cd36,Gins4,Cd36,none
Tcp1_Gyg,Tcp1,Gyg,none
Tyk2_Ms4a4c,Tyk2,Ms4a4c,down
Acin1_Cotl1,Acin1,Cotl1,none
Mafb_Sqstm1,Mafb,Sqstm1,none
Ptpa_Il15,Ptpa,Il15,up
Spout1_Gusb,Spout1,Gusb,none
Pfn1_Stap1,Pfn1,Stap1,none
Cwc25_Ctsl,Cwc25,Ctsl,none
Dr1_Galnt7,Dr1,Galnt7,none
Wdr3_Ust,Wdr3,Ust,none
Aip_Adssl1,Aip,Adssl1,none
Atf4_Gpnmb,Atf4,Gpnmb,none
Yy1_C3,Yy1,C3,none
Wdr61_Ddit3,Wdr61,Ddit3,none
Exosc7_Gapdh,Exosc7,Gapdh,down
Stag2_Gm1673,Stag2,Gm1673,none
Rpap2_Hsp90b1,Rpap2,Hsp90b1,none
Polr2i_Polr2a,Polr2i,Polr2a,up
Dcaf7_Ms4a6b,Dcaf7,Ms4a6b,none
Ppp2r2a_Icam1,Ppp2r2a,Icam1,none
Smg5_Zfas1,Smg5,Zfas1,up
Chmp3_Hsp90ab1,Chmp3,Hsp90ab1,none
Rps19_Gls,Rps19,Gls,up
Trem2_Trem2,Trem2,Trem2,down
Ctcf_Misp,Ctcf,Misp,none
Nprl2_Smim36,Nprl2,Smim36,up
Il10ra_Lima1,Il10ra,Lima1,none
Ube4b_Hmgn1,Ube4b,Hmgn1,none
Sptlc1_Dhcr24,Sptlc1,Dhcr24,up
Tyk2_Lyz1,Tyk2,Lyz1,none
Bop1_Rabac1,Bop1,Rabac1,none
Rb1cc1_Sec11c,Rb1cc1,Sec11c,none
Mta2_Creg1,Mta2,Creg1,none
Dpy30_Ifrd1,Dpy30,Ifrd1,down
Cdc42_Plaur,Cdc42,Plaur,up
Cfdp1_Clec4e,Cfdp1,Clec4e,none
Cbfb_Npy,Cbfb,Npy,up
Sptssa_Ifitm6,Sptssa,Ifitm6,up
Bcl6_Slamf9,Bcl6,Slamf9,down
Dda1_Inpp5f,Dda1,Inpp5f,up
Fermt3_Cacna1d,Fermt3,Cacna1d,up
Mettl3_Fcgr2b,Mettl3,Fcgr2b,none
Tmem258_Ddit3,Tmem258,Ddit3,up
Meaf6_Prdx1,Meaf6,Prdx1,up
Jtb_Stk17b,Jtb,Stk17b,none
Fth1_Oasl1,Fth1,Oasl1,none
Chmp5_Bcl2a1a,Chmp5,Bcl2a1a,none
Eif2s1_Chchd10,Eif2s1,Chchd10,up
Usp9x_Gm30329,Usp9x,Gm30329,none
Irak4_Psma6,Irak4,Psma6,down
Elavl1_Ppfibp2,Elavl1,Ppfibp2,none
Daxx_Hspa1a,Daxx,Hspa1a,up
Pgm3_Ddit3,Pgm3,Ddit3,up
Wdr75_Psd3,Wdr75,Psd3,none
Mms22l_Slamf9,Mms22l,Slamf9,none
Stk11_Ern1,Stk11,Ern1,none
Rngtt_Acp5,Rngtt,Acp5,none
Med20_Pdia3,Med20,Pdia3,none
Rps5_Marcks,Rps5,Marcks,up
Med25_Ttyh2,Med25,Ttyh2,none
Uvrag_C3,Uvrag,C3,down
Nolc1_Sqstm1,Nolc1,Sqstm1,none
Pfdn6_Saa3,Pfdn6,Saa3,down
Gins4_Rmdn3,Gins4,Rmdn3,up
Rhoa_B3gnt8,Rhoa,B3gnt8,none
Dcaf7_Fpr2,Dcaf7,Fpr2,up
Ptpa_Prss50,Ptpa,Prss50,none
Rpap2_Acod1,Rpap2,Acod1,down
Ube2m_Gls,Ube2m,Gls,none
Fermt3_Cd72,Fermt3,Cd72,down
Cul2_Pgm1,Cul2,Pgm1,up
Zfp207_Ifit3,Zfp207,Ifit3,down
Usp39_Thoc5,Usp39,Thoc5,none
Wnk1_Fcgr2b,Wnk1,Fcgr2b,none
Syvn1_Herpud1,Syvn1,Herpud1,up
Nprl2_Pf4,Nprl2,Pf4,up
Tsc2_Lgals3,Tsc2,Lgals3,up
Bap1_Npy,Bap1,Npy,down
Ncor2_Ahnak,Ncor2,Ahnak,none
Rheb_Cxcl2,Rheb,Cxcl2,none
Egln1_Fam162a,Egln1,Fam162a,up
Mphosph10_Tlr2,Mphosph10,Tlr2,none
Cog5_Fh1,Cog5,Fh1,down
Rraga_S100a11,Rraga,S100a11,none
Wnk1_Mt1,Wnk1,Mt1,up
Wtap_Lipa,Wtap,Lipa,up
Traf3_Tcf4,Traf3,Tcf4,none
Hyou1_Hspa5,Hyou1,Hspa5,up
Cul2_Galk1,Cul2,Galk1,up
Fbxo11_Usp1,Fbxo11,Usp1,none
Psmd13_Pcdh7,Psmd13,Pcdh7,up
Cct2_Prune2,Cct2,Prune2,none
Ints1_Rusc2,Ints1,Rusc2,none
Rbbp6_Creg1,Rbbp6,Creg1,none
Fbxo11_Bcl6,Fbxo11,Bcl6,down
Cog5_Cacna1a,Cog5,Cacna1a,none
Kat5_Clec4d,Kat5,Clec4d,up
Tut1_Lmna,Tut1,Lmna,up
Rnf40_Stxbp3,Rnf40,Stxbp3,up
Pias1_Il1b,Pias1,Il1b,none
Strap_St3gal5,Strap,St3gal5,down
Mbd2_Igtp,Mbd2,Igtp,up
Cwc25_Mdc1,Cwc25,Mdc1,none
Nipbl_Lmna,Nipbl,Lmna,none
Rpl26_Bud23,Rpl26,Bud23,none
Trappc8_Ift20,Trappc8,Ift20,up
Hspa4_Hspa1b,Hspa4,Hspa1b,up
Srsf7_Ppic,Srsf7,Ppic,none
Cul1_Slc12a9,Cul1,Slc12a9,none
Irf8_Hectd2os,Irf8,Hectd2os,none
Smarcd2_Ptpro,Smarcd2,Ptpro,up
Txnl4a_Styx,Txnl4a,Styx,none
Vps39_Hipk3,Vps39,Hipk3,none
Cmtr1_Trem2,Cmtr1,Trem2,none
Kat5_Hspa1a,Kat5,Hspa1a,none
Mideas_Arl11,Mideas,Arl11,up
Daxx_Rilpl1,Daxx,Rilpl1,none
Kat5_Prdx6,Kat5,Prdx6,up
Egln1_Cotl1,Egln1,Cotl1,none
Mms22l_Cd300lb,Mms22l,Cd300lb,up
Ylpm1_Ifit2,Ylpm1,Ifit2,down
Tnpo3_Mmp12,Tnpo3,Mmp12,up
Gosr2_Gbf1,Gosr2,Gbf1,up
Leng8_Id3,Leng8,Id3,up
Kdsr_H2-Q7,Kdsr,H2-Q7,none
Gnb2_Hif1a,Gnb2,Hif1a,down
Dcaf7_Cd36,Dcaf7,Cd36,down
Gnb2_Plaur,Gnb2,Plaur,down
Wnk1_Fxyd2,Wnk1,Fxyd2,up
Actr10_Maf,Actr10,Maf,none
Vps4b_Cmpk2,Vps4b,Cmpk2,up
Leng1_Cd72,Leng1,Cd72,down
Zbtb17_Ly86,Zbtb17,Ly86,down
Srsf10_Gm14461,Srsf10,Gm14461,up
Ogt_Brd2,Ogt,Brd2,up
Hyou1_Bbln,Hyou1,Bbln,none
Ss18_Sgms1,Ss18,Sgms1,none
Tlr4_Cdkn2a,Tlr4,Cdkn2a,none
Uxt_Creg1,Uxt,Creg1,up
Gins2_Ftl1,Gins2,Ftl1,none
Nop16_Rsad2,Nop16,Rsad2,up
Rpp21_Lgals3,Rpp21,Lgals3,none
Fzr1_Gm56598,Fzr1,Gm56598,none
Cwc15_Cmpk2,Cwc15,Cmpk2,up
Csnk1a1_Eif4a2,Csnk1a1,Eif4a2,none
Ifnar1_Mast4,Ifnar1,Mast4,none
Dpm2_Hsp90b1,Dpm2,Hsp90b1,up
Rpl4_Ifitm2,Rpl4,Ifitm2,none
Rack1_Ppp1r14b,Rack1,Ppp1r14b,none
Rab7_Gpnmb,Rab7,Gpnmb,none
Nrbp1_Anxa1,Nrbp1,Anxa1,up
Rheb_Cd36,Rheb,Cd36,none
Dpy30_Lipa,Dpy30,Lipa,none
Rae1_Acod1,Rae1,Acod1,down
Tnfaip3_Uchl1,Tnfaip3,Uchl1,none
Lamtor4_Syngr1,Lamtor4,Syngr1,up
Nckap1l_Gpnmb,Nckap1l,Gpnmb,none
Copz1_Tmem163,Copz1,Tmem163,none
Atxn7l3_Pf4,Atxn7l3,Pf4,none
Sars_H2-M2,Sars,H2-M2,none
Rpn2_Gpr84,Rpn2,Gpr84,none
Derl2_Ostc,Derl2,Ostc,up
Tbk1_Emp3,Tbk1,Emp3,none
Tnpo3_Gpx4,Tnpo3,Gpx4,up
Rab7_Arhgap10,Rab7,Arhgap10,down
Bag6_Mmp14,Bag6,Mmp14,none
Slc7a6os_3010003L21Rik,Slc7a6os,3010003L21Rik,none
Rbm14_Slamf9,Rbm14,Slamf9,none
Ints1_Pik3r1,Ints1,Pik3r1,none
Atxn7l3_Gadd45b,Atxn7l3,Gadd45b,up
Kdsr_Ecpas,Kdsr,Ecpas,up
Sel1l_Pdia3,Sel1l,Pdia3,up
Yy1_Hsd17b10,Yy1,Hsd17b10,down
Nprl2_Osbpl8,Nprl2,Osbpl8,none
Uxt_Vma21,Uxt,Vma21,none
Uxt_Lgals3,Uxt,Lgals3,none
Dnajc8_Mylip,Dnajc8,Mylip,up
Gtf2a2_Dnajc3,Gtf2a2,Dnajc3,none
Rps19_Adam8,Rps19,Adam8,none
Rheb_Sec11c,Rheb,Sec11c,none
Fth1_Actb,Fth1,Actb,none
Trappc1_Actb,Trappc1,Actb,down
Mtor_Bhlhe41,Mtor,Bhlhe41,none
Adnp_Gbp6,Adnp,Gbp6,none
Dusp1_Npy,Dusp1,Npy,up
Ppp6c_Il1a,Ppp6c,Il1a,none
Tyk2_Ifit3,Tyk2,Ifit3,down
Syvn1_Dnajc3,Syvn1,Dnajc3,up
Sephs1_Cdk20,Sephs1,Cdk20,none
Atxn7l3_Ctsl,Atxn7l3,Ctsl,down
Actr2_Glipr1,Actr2,Glipr1,none
Mapkapk2_Polr2g,Mapkapk2,Polr2g,down
Nelfa_Rsad2,Nelfa,Rsad2,up
Chmp3_Il15,Chmp3,Il15,up
Fth1_Prdx1,Fth1,Prdx1,up
Hars_Postn,Hars,Postn,none
Rbbp6_Mir142hg,Rbbp6,Mir142hg,up
Wdr61_Saa3,Wdr61,Saa3,down
Ptpn11_Gm4924,Ptpn11,Gm4924,none
Cdc42_Cd9,Cdc42,Cd9,up
Il10rb_Tmed1,Il10rb,Tmed1,none
Scap_Serpine1,Scap,Serpine1,none
Gtf2h1_Asph,Gtf2h1,Asph,up
Klf6_Cd9,Klf6,Cd9,none
Leng1_Lacc1,Leng1,Lacc1,down
Jtb_Cxcl1,Jtb,Cxcl1,up
Vps33a_Tent5a,Vps33a,Tent5a,none
Ppp6c_5430402O13Rik,Ppp6c,5430402O13Rik,none
Tnfaip3_Arl5c,Tnfaip3,Arl5c,none
Rbck1_Asns,Rbck1,Asns,none
Rela_Pparg,Rela,Pparg,up
Sart3_Mypop,Sart3,Mypop,none
Cct7_Maf,Cct7,Maf,up
Runx1_C1qb,Runx1,C1qb,down
Rcl1_Aif1,Rcl1,Aif1,none
Dync1h1_Timp2,Dync1h1,Timp2,none
Dcaf7_Aif1,Dcaf7,Aif1,up
Setd2_Gde1,Setd2,Gde1,none
Wdr36_Prdx5,Wdr36,Prdx5,none
Med29_Msrb1,Med29,Msrb1,none
Traf2_Mmp9,Traf2,Mmp9,up
Virma_Six1,Virma,Six1,none
Emc3_Brd2,Emc3,Brd2,none
Nprl2_Fcgr2b,Nprl2,Fcgr2b,none
Daxx_Ifnb1,Daxx,Ifnb1,up
Tsc2_Prkar2b,Tsc2,Prkar2b,none
Ddx6_Lipa,Ddx6,Lipa,none
Top3a_Ifitm6,Top3a,Ifitm6,none
Yrdc_Trib3,Yrdc,Trib3,up
Ccdc22_Fabp4,Ccdc22,Fabp4,up
Fbxo11_Sqstm1,Fbxo11,Sqstm1,none
Wdr48_Ptpn6,Wdr48,Ptpn6,none
Taf5l_Hmox1,Taf5l,Hmox1,down
Paf1_Selenop,Paf1,Selenop,up
Mafb_C1qb,Mafb,C1qb,down
Actr6_Hspa5,Actr6,Hspa5,none
Traf2_S100a10,Traf2,S100a10,up
Ly96_Bcl2a1d,Ly96,Bcl2a1d,down
Ddx6_Asns,Ddx6,Asns,none
Wdr43_Marcks,Wdr43,Marcks,up
Ogdh_Pgk1,Ogdh,Pgk1,up
Zbtb17_Itgb5,Zbtb17,Itgb5,none
Arpc2_Slamf9,Arpc2,Slamf9,down
Dpm2_Npl,Dpm2,Npl,none
Dpm1_Adgb,Dpm1,Adgb,none
Igbp1_Plpp3,Igbp1,Plpp3,none
Dr1_Gm26797,Dr1,Gm26797,none
Sec13_Neat1,Sec13,Neat1,up
Ddx6_Clec4e,Ddx6,Clec4e,down
Ifnar1_Exoc6b,Ifnar1,Exoc6b,none
Ric1_Cxcl2,Ric1,Cxcl2,up
Nolc1_Sp3,Nolc1,Sp3,up
Xpo1_Klhl24,Xpo1,Klhl24,up
Chmp3_Hilpda,Chmp3,Hilpda,up
Tpr_Crim1,Tpr,Crim1,none
Wdr3_Cd36,Wdr3,Cd36,up
Cnot2_Ttc39c,Cnot2,Ttc39c,none
Nolc1_Pilra,Nolc1,Pilra,down
Tbk1_Mt1,Tbk1,Mt1,up
Mbtps2_Efr3b,Mbtps2,Efr3b,none
Cnot2_Il1rn,Cnot2,Il1rn,none
Chmp5_Uchl1,Chmp5,Uchl1,none
Gtf2a2_Cd36,Gtf2a2,Cd36,none
Il10ra_Odc1,Il10ra,Odc1,none
Atp6v1e1_Cdc42se2,Atp6v1e1,Cdc42se2,none
Gspt1_Ptpn12,Gspt1,Ptpn12,up
Tpt1_Npy,Tpt1,Npy,up
Ly96_Mtdh,Ly96,Mtdh,down
Tnfrsf1a_Arhgap15,Tnfrsf1a,Arhgap15,up
Psmd4_Creg1,Psmd4,Creg1,up
Rpl4_Cd36,Rpl4,Cd36,none
Ints9_Esd,Ints9,Esd,none
Atp6v1a_Sqstm1,Atp6v1a,Sqstm1,up
Sart3_Pcdh7,Sart3,Pcdh7,up
Setd2_Cd164,Setd2,Cd164,up
Cmtr1_Aif1,Cmtr1,Aif1,none
Ube2m_1110038B12Rik,Ube2m,1110038B12Rik,none
Tnpo3_Ythdf1,Tnpo3,Ythdf1,up
Ubr4_Mmp12,Ubr4,Mmp12,up
Rpn1_Ptk2,Rpn1,Ptk2,none
Atp6v1a_Cxcl2,Atp6v1a,Cxcl2,up
Trappc1_Ift20,Trappc1,Ift20,up
Chmp5_Gclm,Chmp5,Gclm,up
Jak1_Ifi47,Jak1,Ifi47,down
Myd88_Actb,Myd88,Actb,none
Ptpa_C3,Ptpa,C3,none
Dr1_Pdk1,Dr1,Pdk1,none
Usp39_Sod1,Usp39,Sod1,none
Cbfb_Ifit3,Cbfb,Ifit3,none
