id,pert,gene
Cbfb_Mmp14,Cbfb,Mmp14
Atg9a_Rnf128,Atg9a,Rnf128
Psmd13_Creg1,Psmd13,Creg1
Ctdspl2_Lrrc8dos,Ctdspl2,Lrrc8dos
Rpl26_Stap1,Rpl26,Stap1
Emc7_Slamf9,Emc7,Slamf9
Atp6ap2_Mir22hg,Atp6ap2,Mir22hg
Nckap1l_Adap2,Nckap1l,Adap2
Ccdc22_Gpnmb,Ccdc22,Gpnmb
Ddx6_Ahnak,Ddx6,Ahnak
Wdr1_Chst11,Wdr1,Chst11
Myd88_Ckb,Myd88,Ckb
Ndc80_Fcgr2b,Ndc80,Fcgr2b
Sfpq_Selenow,Sfpq,Selenow
Chd4_Lrrc55os,Chd4,Lrrc55os
Bloc1s1_Lipa,Bloc1s1,Lipa
Rnf40_Akt3,Rnf40,Akt3
Chmp3_Akr1a1,Chmp3,Akr1a1
Rpl26_Vps54,Rpl26,Vps54
Tnfaip3_Glrx,Tnfaip3,Glrx
Wdr70_Lmna,Wdr70,Lmna
Prpf40a_Tspan13,Prpf40a,Tspan13
Rpl35_Fxyd2,Rpl35,Fxyd2
Myd88_Dhtkd1,Myd88,Dhtkd1
Tnfrsf1a_Fos,Tnfrsf1a,Fos
Tnfaip3_Slamf9,Tnfaip3,Slamf9
Ifnar1_Gm12758,Ifnar1,Gm12758
Pfn1_Calr,Pfn1,Calr
Klf6_Anxa2,Klf6,Anxa2
Irf2_Idnk,Irf2,Idnk
Rps5_Eif5,Rps5,Eif5
Hdac3_Cd36,Hdac3,Cd36
Wdr1_Tpm2,Wdr1,Tpm2
Igbp1_Cxcl2,Igbp1,Cxcl2
Qars_Reps1,Qars,Reps1
Usp9x_Lgals3,Usp9x,Lgals3
Nol10_Etnk1,Nol10,Etnk1
Atp6ap2_Lmna,Atp6ap2,Lmna
Actl6a_Sqstm1,Actl6a,Sqstm1
Med25_Rwdd4a,Med25,Rwdd4a
Gosr2_2310009B15Rik,Gosr2,2310009B15Rik
Kat5_H2az1,Kat5,H2az1
Nrbf2_Gadd45b,Nrbf2,Gadd45b
Atg101_Acod1,Atg101,Acod1
Daxx_Odc1,Daxx,Odc1
Trem2_Psma6,Trem2,Psma6
Nol10_Gbp8,Nol10,Gbp8
Srsf1_Ifit3,Srsf1,Ifit3
Vps39_Pcna,Vps39,Pcna
Rhoa_Adgre5,Rhoa,Adgre5
Ptpn11_Fnbp1l,Ptpn11,Fnbp1l
Cdkn1a_Denr,Cdkn1a,Denr
Exoc5_Gclm,Exoc5,Gclm
Cpsf4_2310009B15Rik,Cpsf4,2310009B15Rik
Gosr2_Pck2,Gosr2,Pck2
Tpr_Hipk1,Tpr,Hipk1
Nob1_Clec7a,Nob1,Clec7a
Rc3h1_Hmox1,Rc3h1,Hmox1
Ankrd11_Gpnmb,Ankrd11,Gpnmb
Rngtt_Creg1,Rngtt,Creg1
Dcaf13_Sqstm1,Dcaf13,Sqstm1
Ehmt2_Ifit2,Ehmt2,Ifit2
Emc7_Insl6,Emc7,Insl6
Pgm3_Gm11613,Pgm3,Gm11613
Ppp2r2a_Lix1,Ppp2r2a,Lix1
Atf4_Nedd9,Atf4,Nedd9
Ubr4_Papss1,Ubr4,Papss1
Ctdspl2_C1qb,Ctdspl2,C1qb
Kars_Sqstm1,Kars,Sqstm1
Uxt_Gls,Uxt,Gls
Dpy30_Creg1,Dpy30,Creg1
Sptlc1_B4galt5,Sptlc1,B4galt5
Wdr1_Fam162a,Wdr1,Fam162a
Tpr_Polr2g,Tpr,Polr2g
Runx1_Npy,Runx1,Npy
Atf4_Gsta3,Atf4,Gsta3
Ints1_Selenop,Ints1,Selenop
Myd88_Saa3,Myd88,Saa3
Rpp21_Hspa5,Rpp21,Hspa5
Ptpn11_H2-M2,Ptpn11,H2-M2
Stk11_Lgals3,Stk11,Lgals3
Rel_Itga4,Rel,Itga4
Rheb_Trim30c,Rheb,Trim30c
Pdcd10_Ccrl2,Pdcd10,Ccrl2
Rps5_Ms4a4c,Rps5,Ms4a4c
Rbm15_Tlr2,Rbm15,Tlr2
Tpr_Lrp12,Tpr,Lrp12
Rps5_Nampt,Rps5,Nampt
Eif2s1_Gm49959,Eif2s1,Gm49959
Usp7_Gja1,Usp7,Gja1
Rnf40_Socs1,Rnf40,Socs1
Gins3_Dock10,Gins3,Dock10
Wdr75_Tcf4,Wdr75,Tcf4
Sars_Atf5,Sars,Atf5
Aip_Tgm2,Aip,Tgm2
Spc24_Bcat2,Spc24,Bcat2
Ttc1_Anxa3,Ttc1,Anxa3
Irf2_Selenow,Irf2,Selenow
Telo2_Hsp90ab1,Telo2,Hsp90ab1
Nkap_Lgals3,Nkap,Lgals3
Ptpn11_Ms4a4a,Ptpn11,Ms4a4a
Ctdspl2_C3,Ctdspl2,C3
Tmem258_Ifitm6,Tmem258,Ifitm6
Msto1_Marcks,Msto1,Marcks
Rb1_Itpr2,Rb1,Itpr2
Pik3r4_Gpnmb,Pik3r4,Gpnmb
Myc_Rgs1,Myc,Rgs1
Rela_Etnk1,Rela,Etnk1
Hira_Bcl2a1d,Hira,Bcl2a1d
Hira_Igsf6,Hira,Igsf6
Chmp6_Rsad2,Chmp6,Rsad2
Nop16_Enpp4,Nop16,Enpp4
Spout1_Cd44,Spout1,Cd44
Tnfrsf1a_Gm12279,Tnfrsf1a,Gm12279
Srsf10_Nop10,Srsf10,Nop10
Mcm4_Man1a,Mcm4,Man1a
Ctdnep1_9230114K14Rik,Ctdnep1,9230114K14Rik
Copz1_Gbf1,Copz1,Gbf1
Rb1cc1_Akr1a1,Rb1cc1,Akr1a1
Ddb1_Selenop,Ddb1,Selenop
Mnt_Zfp281,Mnt,Zfp281
Vps72_Vat1,Vps72,Vat1
Nfkbiz_Socs7,Nfkbiz,Socs7
Pik3r4_Arhgap31,Pik3r4,Arhgap31
Cul3_Mmp12,Cul3,Mmp12
Pi4kb_Enpp4,Pi4kb,Enpp4
Myd88_Psma6,Myd88,Psma6
Leng8_Ccnd1,Leng8,Ccnd1
Sec63_Mxd1,Sec63,Mxd1
Snrnp70_Il6,Snrnp70,Il6
Wdr36_Tlk2,Wdr36,Tlk2
Txnl4a_Hyal2,Txnl4a,Hyal2
E4f1_Gpr84,E4f1,Gpr84
Jak1_Irgm1,Jak1,Irgm1
Ddb1_Snhg1,Ddb1,Snhg1
Ndc80_Folr2,Ndc80,Folr2
Pik3c3_Selenow,Pik3c3,Selenow
Mcm4_Lrrc25,Mcm4,Lrrc25
Dhx15_Lpp,Dhx15,Lpp
Tln1_Gm5150,Tln1,Gm5150
Snx14_Vegfb,Snx14,Vegfb
Atp6v1e1_Alcam,Atp6v1e1,Alcam
Spc24_Actb,Spc24,Actb
Rrp1_Cd69,Rrp1,Cd69
Stag2_Mt1,Stag2,Mt1
Rcl1_Cd72,Rcl1,Cd72
Rel_Cd72,Rel,Cd72
Actr10_Slc25a4,Actr10,Slc25a4
Sfpq_Brd2,Sfpq,Brd2
Paf1_Gm1673,Paf1,Gm1673
Ss18_Fgl2,Ss18,Fgl2
Slc33a1_Tram1,Slc33a1,Tram1
Trrap_Trim12c,Trrap,Trim12c
Rraga_Lrp1,Rraga,Lrp1
Ppp2r2a_Fmnl2,Ppp2r2a,Fmnl2
Gpn2_Syngr1,Gpn2,Syngr1
Orc4_Smpdl3a,Orc4,Smpdl3a
Dido1_Mylip,Dido1,Mylip
Atg9a_P2ry14,Atg9a,P2ry14
Srcap_Timp2,Srcap,Timp2
Traf3_Acp5,Traf3,Acp5
Wtap_Rdx,Wtap,Rdx
Rheb_Ccl2,Rheb,Ccl2
Hsp90b1_Ccnd1,Hsp90b1,Ccnd1
Gtf2h1_Cotl1,Gtf2h1,Cotl1
Kras_Gadd45b,Kras,Gadd45b
Gins4_Map3k8,Gins4,Map3k8
Dusp1_Alcam,Dusp1,Alcam
Actr2_Gde1,Actr2,Gde1
Actl6a_Cd36,Actl6a,Cd36
Rpl35_AA467197,Rpl35,AA467197
Ncbp1_Cd48,Ncbp1,Cd48
Dhx15_Gm21188,Dhx15,Gm21188
Actr2_Slamf9,Actr2,Slamf9
Tirap_Ifitm2,Tirap,Ifitm2
Rps26_Cmpk2,Rps26,Cmpk2
Ctdnep1_Ifit3b,Ctdnep1,Ifit3b
Aip_Cd14,Aip,Cd14
Dda1_Plekha3,Dda1,Plekha3
Cdc42_Slco4a1,Cdc42,Slco4a1
Stk11_Prdx1,Stk11,Prdx1
Ptpn2_Tax1bp1,Ptpn2,Tax1bp1
Strap_H2aj,Strap,H2aj
Rtf1_Parp3,Rtf1,Parp3
Egln1_Ero1a,Egln1,Ero1a
Ddx6_Folr2,Ddx6,Folr2
Eif2s1_Pf4,Eif2s1,Pf4
Rps26_Slc25a4,Rps26,Slc25a4
Usp9x_Chchd10,Usp9x,Chchd10
Ash2l_Clec4n,Ash2l,Clec4n
Klf6_Cd36,Klf6,Cd36
Fli1_Il2rg,Fli1,Il2rg
Acin1_Rabac1,Acin1,Rabac1
Fermt3_Adra1a,Fermt3,Adra1a
Alg2_Pdia3,Alg2,Pdia3
Hsp90ab1_Ms4a4c,Hsp90ab1,Ms4a4c
Urm1_Rsad2,Urm1,Rsad2
Sptssa_Ms4a6b,Sptssa,Ms4a6b
Gosr2_Slamf7,Gosr2,Slamf7
Rcl1_Ms4a6b,Rcl1,Ms4a6b
Sbno2_Gsr,Sbno2,Gsr
Gins2_Saa3,Gins2,Saa3
Actl6a_Sdc1,Actl6a,Sdc1
Nckap1l_Hsp90b1,Nckap1l,Hsp90b1
Irf8_Lmo2,Irf8,Lmo2
Mafb_Lgals3,Mafb,Lgals3
Eif4a1_Eif5,Eif4a1,Eif5
Ppp2r1a_H2-Q7,Ppp2r1a,H2-Q7
Ctcf_Fez2,Ctcf,Fez2
Setd2_Lpp,Setd2,Lpp
Pias1_Osbpl3,Pias1,Osbpl3
Rpn1_Gm44190,Rpn1,Gm44190
Telo2_Npc1,Telo2,Npc1
Eny2_Bcl2l11,Eny2,Bcl2l11
Cnot2_Cd69,Cnot2,Cd69
Sptlc1_Morrbid,Sptlc1,Morrbid
Emc3_Hsd3b7,Emc3,Hsd3b7
Xpo1_Lipa,Xpo1,Lipa
Gnb2_Gm11613,Gnb2,Gm11613
Psmd13_Ccl6,Psmd13,Ccl6
Urm1_Ms4a4c,Urm1,Ms4a4c
Kdm1a_Fos,Kdm1a,Fos
Tcp1_Batf2,Tcp1,Batf2
Dohh_Saa3,Dohh,Saa3
Prpf40a_Trib3,Prpf40a,Trib3
Ndc80_Csf3r,Ndc80,Csf3r
Mbd2_Ms4a4c,Mbd2,Ms4a4c
Ints9_Ifit3,Ints9,Ifit3
Actr6_Cd36,Actr6,Cd36
Xpo1_Slc16a6,Xpo1,Slc16a6
Ube4b_Tspan13,Ube4b,Tspan13
Srrd_Pnp,Srrd,Pnp
Leo1_Atp13a2,Leo1,Atp13a2
Prdm1_Pld4,Prdm1,Pld4
Nob1_Cd72,Nob1,Cd72
Gosr2_Zswim4,Gosr2,Zswim4
Telo2_Tbrg1,Telo2,Tbrg1
Vps4b_Ly6i,Vps4b,Ly6i
Brd2_Hcar2,Brd2,Hcar2
Dync1i2_Fgd2,Dync1i2,Fgd2
Paf1_Itpkb,Paf1,Itpkb
Top3a_Npy,Top3a,Npy
Rraga_Selenow,Rraga,Selenow
Exosc7_Gm57397,Exosc7,Gm57397
Pfn1_Mmp12,Pfn1,Mmp12
Otud5_Acod1,Otud5,Acod1
Top3a_Ckb,Top3a,Ckb
Traf6_Urah,Traf6,Urah
Syvn1_Lysmd2,Syvn1,Lysmd2
Ddx5_Noct,Ddx5,Noct
Acin1_Fap,Acin1,Fap
Dda1_Timp2,Dda1,Timp2
Usp9x_Tpd52l1,Usp9x,Tpd52l1
Xpo1_Xpo1,Xpo1,Xpo1
Rpl10_Klhl24,Rpl10,Klhl24
Gtf2a2_Vcan,Gtf2a2,Vcan
Plrg1_Lgals3,Plrg1,Lgals3
Wdr48_Cotl1,Wdr48,Cotl1
Rpp21_Phgdh,Rpp21,Phgdh
Kars_Ccl9,Kars,Ccl9
Ube2m_Maf,Ube2m,Maf
Dync1h1_Tubb6,Dync1h1,Tubb6
Clp1_Ms4a4c,Clp1,Ms4a4c
Rpl35_Tcf4,Rpl35,Tcf4
Mau2_Rarg,Mau2,Rarg
Ddost_Clec4d,Ddost,Clec4d
Vps4b_Zfp697,Vps4b,Zfp697
Irak4_Lrrc25,Irak4,Lrrc25
Exoc5_Fgl2,Exoc5,Fgl2
Mafb_Cd44,Mafb,Cd44
Taf5l_Nqo1,Taf5l,Nqo1
Ube4b_Prdx5,Ube4b,Prdx5
Cmtr1_Syngr1,Cmtr1,Syngr1
Klf6_Zfyve27,Klf6,Zfyve27
Rela_Depdc1a,Rela,Depdc1a
Sec62_H2-M2,Sec62,H2-M2
Prpf19_Creld2,Prpf19,Creld2
Qars_Hipk1,Qars,Hipk1
Srcap_Ifrd2,Srcap,Ifrd2
Med25_H2az1,Med25,H2az1
Ppp6c_Socs3,Ppp6c,Socs3
Dda1_Stmn1,Dda1,Stmn1
Rtf1_Odc1,Rtf1,Odc1
Rela_Il1rn,Rela,Il1rn
Vps72_Slc25a4,Vps72,Slc25a4
Ankrd11_Plxdc2,Ankrd11,Plxdc2
Rhoa_Cyb5r1,Rhoa,Cyb5r1
Becn1_Gsta3,Becn1,Gsta3
Hyou1_Clec4d,Hyou1,Clec4d
Vps72_Npy,Vps72,Npy
Wdr5_Nup54,Wdr5,Nup54
Il10rb_Ggta1,Il10rb,Ggta1
Rps26_Blvrb,Rps26,Blvrb
Tyrobp_Selenop,Tyrobp,Selenop
Sfpq_Hspa1b,Sfpq,Hspa1b
Irf8_Pbxip1,Irf8,Pbxip1
Mau2_Lipa,Mau2,Lipa
Rae1_Srebf2,Rae1,Srebf2
Rbck1_Cmpk2,Rbck1,Cmpk2
Rbm14_Scpep1,Rbm14,Scpep1
Urm1_Ctsl,Urm1,Ctsl
Hyou1_Dclre1b,Hyou1,Dclre1b
Ints9_Pck2,Ints9,Pck2
Ppp2r1a_Trim30c,Ppp2r1a,Trim30c
Sars_Polr3h,Sars,Polr3h
Hsp90b1_AA467197,Hsp90b1,AA467197
Atp6v1b2_Actb,Atp6v1b2,Actb
Rae1_Tmem40,Rae1,Tmem40
Mettl3_Atf5,Mettl3,Atf5
Pik3r4_Creg1,Pik3r4,Creg1
Rpn2_Ddit3,Rpn2,Ddit3
Qars_Rnf128,Qars,Rnf128
Cbfb_C1qb,Cbfb,C1qb
Ubr4_Ahnak,Ubr4,Ahnak
Hsp90b1_Ms4a6b,Hsp90b1,Ms4a6b
Mapk14_Prdx1,Mapk14,Prdx1
Wdr48_Hivep2,Wdr48,Hivep2
Bop1_Rsad2,Bop1,Rsad2
Snx13_Syngr1,Snx13,Syngr1
Pfn1_Fap,Pfn1,Fap
Igbp1_Gbp5,Igbp1,Gbp5
Rbm15_Calr,Rbm15,Calr
Acin1_Il15,Acin1,Il15
Gins4_Gls,Gins4,Gls
Emc7_Tmcc3,Emc7,Tmcc3
Smc3_Prdx1,Smc3,Prdx1
Paf1_Ifih1,Paf1,Ifih1
Cul3_Gbe1,Cul3,Gbe1
Atp6v1e1_Pdia3,Atp6v1e1,Pdia3
Cog3_Cxcl2,Cog3,Cxcl2
Qars_Trib3,Qars,Trib3
Aip_Cd63,Aip,Cd63
Junb_Carhsp1,Junb,Carhsp1
Ylpm1_Fxyd2,Ylpm1,Fxyd2
Rc3h1_Gpr137b,Rc3h1,Gpr137b
Slc33a1_Igsf6,Slc33a1,Igsf6
Fzr1_Dnajc1,Fzr1,Dnajc1
Kat8_Pf4,Kat8,Pf4
Rpap2_Lipa,Rpap2,Lipa
Mcm4_Gclm,Mcm4,Gclm
Chmp5_Taldo1,Chmp5,Taldo1
Mettl3_Rcl1,Mettl3,Rcl1
Ash2l_Slamf6,Ash2l,Slamf6
Ddx6_Gbp8,Ddx6,Gbp8
Xpo1_Calr,Xpo1,Calr
Arid1a_Asph,Arid1a,Asph
Mphosph10_Malt1,Mphosph10,Malt1
Cop1_Npm1,Cop1,Npm1
Rela_Gpr84,Rela,Gpr84
Naa35_Hsp90b1,Naa35,Hsp90b1
Cog8_Cxcl1,Cog8,Cxcl1
Myd88_Prdx1,Myd88,Prdx1
Wdr43_Nampt,Wdr43,Nampt
Usp9x_Slamf9,Usp9x,Slamf9
Exosc7_Vmp1,Exosc7,Vmp1
Rragc_Lipa,Rragc,Lipa
Ube2m_Folr2,Ube2m,Folr2
Rae1_Rgl1,Rae1,Rgl1
Zfp710_Med29,Zfp710,Med29
Irf9_Ifit3,Irf9,Ifit3
Prdm1_Fgl2,Prdm1,Fgl2
Hspa4_Mylip,Hspa4,Mylip
Mapk14_Ifnb1,Mapk14,Ifnb1
Ash2l_Gpx4,Ash2l,Gpx4
Sephs1_Saa3,Sephs1,Saa3
Clp1_Selenow,Clp1,Selenow
Ogdh_Ahnak,Ogdh,Ahnak
Prdm1_Sephs2,Prdm1,Sephs2
Snx14_Lmna,Snx14,Lmna
Toe1_Nucb2,Toe1,Nucb2
Il10ra_Rasgef1b,Il10ra,Rasgef1b
Lamtor4_Lhfpl2,Lamtor4,Lhfpl2
Elavl1_Syngr1,Elavl1,Syngr1
Ikzf1_Ppip5k1,Ikzf1,Ppip5k1
Sbno2_Bcl2a1a,Sbno2,Bcl2a1a
Ddx5_Cd69,Ddx5,Cd69
Exoc5_Clec4n,Exoc5,Clec4n
Psmd1_Ckb,Psmd1,Ckb
Rragc_Syngr1,Rragc,Syngr1
Actr2_Ms4a4c,Actr2,Ms4a4c
Fermt3_Rell2,Fermt3,Rell2
Nckap1l_Upp1,Nckap1l,Upp1
Tyrobp_Prdx4,Tyrobp,Prdx4
Cpsf4_Ccdc62,Cpsf4,Ccdc62
Zfp36_Hsp90b1,Zfp36,Hsp90b1
Trappc1_Lbx2,Trappc1,Lbx2
Ctcf_Uchl1,Ctcf,Uchl1
Chmp5_Procr,Chmp5,Procr
Qars_H2-Q7,Qars,H2-Q7
Trappc8_Gbf1,Trappc8,Gbf1
Med25_Blvrb,Med25,Blvrb
Pi4kb_Tlr2,Pi4kb,Tlr2
Rps5_Acod1,Rps5,Acod1
Ptpn2_Hsp90b1,Ptpn2,Hsp90b1
Wtap_Timp2,Wtap,Timp2
Cct2_Gm45822,Cct2,Gm45822
Leng8_Spsb2,Leng8,Spsb2
Mapk14_Ifitm6,Mapk14,Ifitm6
Oxsr1_Sqstm1,Oxsr1,Sqstm1
Stag2_Zzef1,Stag2,Zzef1
Traf2_P2ry14,Traf2,P2ry14
Dpm3_Igf1,Dpm3,Igf1
Wdr75_Phlda3,Wdr75,Phlda3
Rpl10_Brd2,Rpl10,Brd2
Psmg4_Il1a,Psmg4,Il1a
Nfyc_Hsp90b1,Nfyc,Hsp90b1
Rps26_Gpr84,Rps26,Gpr84
Nelfa_Kctd12,Nelfa,Kctd12
Meaf6_Gpnmb,Meaf6,Gpnmb
Exoc5_Ctnnal1,Exoc5,Ctnnal1
Mnt_Exosc5,Mnt,Exosc5
Atf4_Slamf9,Atf4,Slamf9
Sptssa_Fam111a,Sptssa,Fam111a
Msto1_Selenow,Msto1,Selenow
Rela_Acod1,Rela,Acod1
Rb1cc1_Prdx1,Rb1cc1,Prdx1
Rps5_Nhej1,Rps5,Nhej1
Cfdp1_Cxcl10,Cfdp1,Cxcl10
Spout1_Tcf4,Spout1,Tcf4
Prdm1_Aif1,Prdm1,Aif1
Smarcd2_Msrb1,Smarcd2,Msrb1
Bag6_Lztfl1,Bag6,Lztfl1
Ric1_Sec24a,Ric1,Sec24a
Cog5_Ccl9,Cog5,Ccl9
Smg5_Snhg15,Smg5,Snhg15
Ogt_Ctsl,Ogt,Ctsl
Gins4_Prdx1,Gins4,Prdx1
Leng1_Ifit2,Leng1,Ifit2
Trappc1_Car9,Trappc1,Car9
Dr1_Fcgr4,Dr1,Fcgr4
Ddb1_Oasl1,Ddb1,Oasl1
Pias1_Shisa3,Pias1,Shisa3
Tnfrsf1a_Cd300lb,Tnfrsf1a,Cd300lb
Rps3_Gm8369,Rps3,Gm8369
Dido1_Gm11613,Dido1,Gm11613
Rae1_Cd5l,Rae1,Cd5l
Rbm15_Ebi3,Rbm15,Ebi3
Ube2h_Ms4a6b,Ube2h,Ms4a6b
Rrp1_Manf,Rrp1,Manf
Otud5_Nqo1,Otud5,Nqo1
Tubg1_Sqstm1,Tubg1,Sqstm1
Snrnp27_S100a6,Snrnp27,S100a6
Nrbf2_Gclm,Nrbf2,Gclm
Ss18_Piezo1,Ss18,Piezo1
Cog5_Rnf128,Cog5,Rnf128
Msto1_Cxcl14,Msto1,Cxcl14
Kat5_S100a6,Kat5,S100a6
Actr2_Ccrl2,Actr2,Ccrl2
Suz12_Cxcl14,Suz12,Cxcl14
Strap_Creg1,Strap,Creg1
Med20_Saa3,Med20,Saa3
Orc4_Oser1,Orc4,Oser1
Junb_Polr2g,Junb,Polr2g
Prpf40a_Cd48,Prpf40a,Cd48
Atxn7l3_Il1rn,Atxn7l3,Il1rn
Alg2_Igf1,Alg2,Igf1
Aip_Rapgef5,Aip,Rapgef5
Suz12_H2-Ab1,Suz12,H2-Ab1
Ptpa_Slamf9,Ptpa,Slamf9
Mau2_Trem2,Mau2,Trem2
Tnfaip3_Sqstm1,Tnfaip3,Sqstm1
Ehmt2_Prdx1,Ehmt2,Prdx1
Hyou1_Saa3,Hyou1,Saa3
Axin1_Ccl7,Axin1,Ccl7
Tbk1_Rsad2,Tbk1,Rsad2
Vps72_Carhsp1,Vps72,Carhsp1
Cct4_Msrb1,Cct4,Msrb1
Srsf10_Resf1,Srsf10,Resf1
Dhx15_Marcksl1,Dhx15,Marcksl1
Nfkbiz_Mtdh,Nfkbiz,Mtdh
Zfp36_Lztfl1,Zfp36,Lztfl1
Ctdnep1_Ccl4,Ctdnep1,Ccl4
Rbbp6_Cotl1,Rbbp6,Cotl1
Gspt1_Cd300a,Gspt1,Cd300a
Eif1ad_Clec4n,Eif1ad,Clec4n
Smarcd2_Hmox1,Smarcd2,Hmox1
Dpm3_Clec4a1,Dpm3,Clec4a1
Sec63_Lrmda,Sec63,Lrmda
Vhl_Map2k6,Vhl,Map2k6
Eftud2_Gapdh,Eftud2,Gapdh
Exoc5_Saa3,Exoc5,Saa3
Actl6a_Ifi27,Actl6a,Ifi27
Prpf6_Ppp1r10,Prpf6,Ppp1r10
Telo2_Cd63,Telo2,Cd63
Ylpm1_Cd81,Ylpm1,Cd81
Mettl3_Clec4n,Mettl3,Clec4n
Gpn2_Il7r,Gpn2,Il7r
Kars_Cd72,Kars,Cd72
Arih1_Gan,Arih1,Gan
Pafah1b1_Mir22hg,Pafah1b1,Mir22hg
Uvrag_Cst7,Uvrag,Cst7
Telo2_Mmp12,Telo2,Mmp12
Cpsf4_Slc13a3,Cpsf4,Slc13a3
Kras_Racgap1,Kras,Racgap1
Vps33a_Rell1,Vps33a,Rell1
Tpr_S100a10,Tpr,S100a10
Rpp21_Asns,Rpp21,Asns
Pfn1_Ifi205,Pfn1,Ifi205
Traf2_Gclm,Traf2,Gclm
Abi1_Ccrl2,Abi1,Ccrl2
Heatr1_Cfp,Heatr1,Cfp
Wdr75_Npy,Wdr75,Npy
Tpt1_Ms4a6b,Tpt1,Ms4a6b
Il10rb_Cd69,Il10rb,Cd69
Mta2_Slc16a3,Mta2,Slc16a3
Tgif1_Fcgr2b,Tgif1,Fcgr2b
Rae1_Tent5a,Rae1,Tent5a
Dda1_Dgkd,Dda1,Dgkd
Wdr75_Clybl,Wdr75,Clybl
Pi4kb_Mir22hg,Pi4kb,Mir22hg
Ctcf_Slamf7,Ctcf,Slamf7
2310011J03Rik_Cmpk2,2310011J03Rik,Cmpk2
Chmp6_Ric3,Chmp6,Ric3
Ncbp1_Tspan13,Ncbp1,Tspan13
Oxsr1_6530402F18Rik,Oxsr1,6530402F18Rik
Kat5_Atf5,Kat5,Atf5
Actr10_Gpnmb,Actr10,Gpnmb
Rbm15_Litaf,Rbm15,Litaf
Ptpn11_Higd1a,Ptpn11,Higd1a
Mta2_Hspa1b,Mta2,Hspa1b
Arih1_Smpdl3a,Arih1,Smpdl3a
Kin_Lmna,Kin,Lmna
Cog5_Ifnb1,Cog5,Ifnb1
Nfkbiz_Saa3,Nfkbiz,Saa3
Cog3_Gja1,Cog3,Gja1
Ptpa_Ccnd1,Ptpa,Ccnd1
Tirap_Armcx6,Tirap,Armcx6
Bloc1s1_Cd36,Bloc1s1,Cd36
Tpr_Bcl2l11,Tpr,Bcl2l11
Prpf6_Arfgef2,Prpf6,Arfgef2
Dync1i2_Gpnmb,Dync1i2,Gpnmb
Rpl35_Ctsc,Rpl35,Ctsc
Egln1_Gapdh,Egln1,Gapdh
Leng1_Manf,Leng1,Manf
Klf6_Rgs1,Klf6,Rgs1
Cwc25_Sec31a,Cwc25,Sec31a
Cog8_Lipa,Cog8,Lipa
Tbk1_Rapgef5,Tbk1,Rapgef5
Traf3_Ccl6,Traf3,Ccl6
Suz12_Cacna1d,Suz12,Cacna1d
Pafah1b1_Gpnmb,Pafah1b1,Gpnmb
Wdr75_Fcgr2b,Wdr75,Fcgr2b
Fth1_Gpr84,Fth1,Gpr84
Sec62_Ifrd1,Sec62,Ifrd1
Rel_Cd302,Rel,Cd302
Traf3_Igf1,Traf3,Igf1
Zfp207_Aars,Zfp207,Aars
Smc3_St3gal5,Smc3,St3gal5
Zfp710_S100a11,Zfp710,S100a11
Rcl1_Ctla2a,Rcl1,Ctla2a
Bcl6_Gla,Bcl6,Gla
Yy1_Bnip3,Yy1,Bnip3
Tardbp_Mmp14,Tardbp,Mmp14
Dohh_2300009A05Rik,Dohh,2300009A05Rik
Gnb2_Ccl2,Gnb2,Ccl2
Il10ra_Gpnmb,Il10ra,Gpnmb
Hdac3_Mphosph10,Hdac3,Mphosph10
Dpm3_Il1a,Dpm3,Il1a
Hyou1_Chchd10,Hyou1,Chchd10
Eny2_BC049762,Eny2,BC049762
Snrnp27_Morrbid,Snrnp27,Morrbid
Mtor_Cotl1,Mtor,Cotl1
Egln1_Tpi1,Egln1,Tpi1
Copz1_Zfat,Copz1,Zfat
Ss18_Aif1,Ss18,Aif1
Traf3_Ifit2,Traf3,Ifit2
Cog8_Fam162a,Cog8,Fam162a
Rbbp6_Ifih1,Rbbp6,Ifih1
Meaf6_Epb41l4aos,Meaf6,Epb41l4aos
Uxt_Xlr,Uxt,Xlr
Cog8_Odc1,Cog8,Odc1
Wdr1_Mettl25,Wdr1,Mettl25
Gins4_Pf4,Gins4,Pf4
Kat8_Creg1,Kat8,Creg1
Vps18_Cd63,Vps18,Cd63
Zbtb17_Il1a,Zbtb17,Il1a
Fth1_Ftl1,Fth1,Ftl1
Srsf7_Smox,Srsf7,Smox
Stag2_Col18a1,Stag2,Col18a1
Rab7_Tnfrsf22,Rab7,Tnfrsf22
Jak1_Ifi205,Jak1,Ifi205
Actr10_Il7r,Actr10,Il7r
Gins3_Ms4a6b,Gins3,Ms4a6b
Rpl4_Ifih1,Rpl4,Ifih1
Dcaf13_Prr13,Dcaf13,Prr13
Cbfb_Cd81,Cbfb,Cd81
Hspa4_Mmp9,Hspa4,Mmp9
Nrbp1_C1qb,Nrbp1,C1qb
Cwc15_Gm35188,Cwc15,Gm35188
Ndc80_Icam1,Ndc80,Icam1
Dad1_Pmaip1,Dad1,Pmaip1
Spop_Fcgr2b,Spop,Fcgr2b
Klf6_Hspa5,Klf6,Hspa5
Rb1_Fcgr2b,Rb1,Fcgr2b
Bop1_Slc20a2,Bop1,Slc20a2
Ddx6_Ddx60,Ddx6,Ddx60
Rbm15_Tgtp2,Rbm15,Tgtp2
Spout1_Sqstm1,Spout1,Sqstm1
Cnot1_Rsad2,Cnot1,Rsad2
Ifnar1_Rep15,Ifnar1,Rep15
Cwc25_Rabac1,Cwc25,Rabac1
Cct3_Iqgap2,Cct3,Iqgap2
Klf6_Stab1,Klf6,Stab1
Fermt3_Ifitm2,Fermt3,Ifitm2
Abi1_Gm47507,Abi1,Gm47507
Ptpn2_S100a10,Ptpn2,S100a10
Emc3_Sat1,Emc3,Sat1
Tpr_Dnah12,Tpr,Dnah12
Trrap_Gm11613,Trrap,Gm11613
Sbno2_Tmc8,Sbno2,Tmc8
Tut1_Gphn,Tut1,Gphn
Gins2_Zfc3h1,Gins2,Zfc3h1
Stk11_Mtdh,Stk11,Mtdh
Mettl3_B3gnt8,Mettl3,B3gnt8
Rcl1_Calhm6,Rcl1,Calhm6
Mbd2_Acod1,Mbd2,Acod1
Kat5_Gbe1,Kat5,Gbe1
Nelfcd_Mogs,Nelfcd,Mogs
Rps3_Marcks,Rps3,Marcks
Nelfa_H2az1,Nelfa,H2az1
Ube2m_Rnf128,Ube2m,Rnf128
Tnfrsf1a_Lipa,Tnfrsf1a,Lipa
Eif1ad_Gm41609,Eif1ad,Gm41609
Ttc1_Ahnak,Ttc1,Ahnak
Eif4a1_Cd36,Eif4a1,Cd36
Tpt1_Nckap1,Tpt1,Nckap1
Cog8_Cotl1,Cog8,Cotl1
Ash2l_Mycbp,Ash2l,Mycbp
Yy1_C1qb,Yy1,C1qb
Slc7a6os_Lrfn4,Slc7a6os,Lrfn4
Suz12_Prdx5,Suz12,Prdx5
Rheb_Ncapg,Rheb,Ncapg
Ly96_Ifitm2,Ly96,Ifitm2
Qars_Il18bp,Qars,Il18bp
Vps18_Sqstm1,Vps18,Sqstm1
Srsf1_Gm14461,Srsf1,Gm14461
Tbc1d10b_Eif5,Tbc1d10b,Eif5
Snapc3_Cpe,Snapc3,Cpe
2310011J03Rik_Snhg4,2310011J03Rik,Snhg4
Sephs1_Stmn1,Sephs1,Stmn1
Jtb_Ran,Jtb,Ran
Dnajc8_Nr2c1,Dnajc8,Nr2c1
Uvrag_Nek10,Uvrag,Nek10
Pgm3_Manf,Pgm3,Manf
Leng1_Anxa1,Leng1,Anxa1
Pias1_Bcl2a1d,Pias1,Bcl2a1d
Pfdn2_Creg1,Pfdn2,Creg1
Wdr36_S100a6,Wdr36,S100a6
Gins2_Tmem243,Gins2,Tmem243
Ing3_Ms4a4c,Ing3,Ms4a4c
Ptpn11_Gm31904,Ptpn11,Gm31904
Sec63_Dnajb9,Sec63,Dnajb9
Zfp36_Ifrd1,Zfp36,Ifrd1
Dnajc8_Ctsh,Dnajc8,Ctsh
Runx1_Ddx56,Runx1,Ddx56
Rbm15_Ncoa4,Rbm15,Ncoa4
Vps33a_Nop58,Vps33a,Nop58
Rnf40_Tasor,Rnf40,Tasor
Yeats4_Vat1,Yeats4,Vat1
Pfdn6_Slc25a26,Pfdn6,Slc25a26
Leng1_Id3,Leng1,Id3
Lamtor4_Cd68,Lamtor4,Cd68
Mbd2_Lmna,Mbd2,Lmna
Tardbp_Polr2g,Tardbp,Polr2g
Ddost_Wnt9a,Ddost,Wnt9a
Atp6v1a_Selenow,Atp6v1a,Selenow
Sbno2_Hacd4,Sbno2,Hacd4
Ric1_Cd72,Ric1,Cd72
Scap_A930023M06Rik,Scap,A930023M06Rik
Strap_Ctsl,Strap,Ctsl
Cdc123_Akr1a1,Cdc123,Akr1a1
Acin1_Plekha2,Acin1,Plekha2
Ap3b1_Tubb6,Ap3b1,Tubb6
Yrdc_Krtcap2,Yrdc,Krtcap2
Nckap1l_Ddx10,Nckap1l,Ddx10
Top3a_Ftl1,Top3a,Ftl1
Rel_Rhoc,Rel,Rhoc
Ptpn11_C1qb,Ptpn11,C1qb
Otud5_Il1rn,Otud5,Il1rn
Dhx15_Ftl1,Dhx15,Ftl1
Dad1_Calr,Dad1,Calr
Vps18_Prdx1,Vps18,Prdx1
Gpn2_Acod1,Gpn2,Acod1
Nob1_Abca1,Nob1,Abca1
Sel1l_Cdkl3,Sel1l,Cdkl3
Dph3_Odc1,Dph3,Odc1
Dnajc8_Cadps,Dnajc8,Cadps
Ndc80_H2-Q7,Ndc80,H2-Q7
Srcap_Kitl,Srcap,Kitl
Csnk1a1_Fcgr4,Csnk1a1,Fcgr4
Mcm4_Ppat,Mcm4,Ppat
Rptor_Ckb,Rptor,Ckb
Gtf2h1_Hmox1,Gtf2h1,Hmox1
Arpc3_Spryd7,Arpc3,Spryd7
Spc24_Dclre1b,Spc24,Dclre1b
Atp6v1b2_Hmox1,Atp6v1b2,Hmox1
Otud5_Gm4876,Otud5,Gm4876
Gspt1_Mmp12,Gspt1,Mmp12
Pfdn6_Gsta3,Pfdn6,Gsta3
Med29_Cd9,Med29,Cd9
Bap1_Syt11,Bap1,Syt11
Mtor_Gapdh,Mtor,Gapdh
Arpc2_Zfp462,Arpc2,Zfp462
Ube2m_F830208F22Rik,Ube2m,F830208F22Rik
Mphosph10_Herpud2,Mphosph10,Herpud2
Gspt1_Trib3,Gspt1,Trib3
Arid1a_Lpin2,Arid1a,Lpin2
Rnf40_Mcrip2,Rnf40,Mcrip2
Prdm1_Eif5,Prdm1,Eif5
Nelfb_Ftl1-ps1,Nelfb,Ftl1-ps1
Eny2_Nme2,Eny2,Nme2
Eif5_Sqstm1,Eif5,Sqstm1
Qars_S100a10,Qars,S100a10
Bap1_Rp2,Bap1,Rp2
Dohh_Gm56599,Dohh,Gm56599
Mapkapk2_Mapkapk2,Mapkapk2,Mapkapk2
Med20_Osbpl3,Med20,Osbpl3
Rab7_Cd69,Rab7,Cd69
Irf9_Norad,Irf9,Norad
Pten_Rdx,Pten,Rdx
Paf1_Parp2,Paf1,Parp2
Ddx18_Ckb,Ddx18,Ckb
Junb_Hsp90ab1,Junb,Hsp90ab1
Rbm14_Eif5,Rbm14,Eif5
Meaf6_Lhfpl2,Meaf6,Lhfpl2
Arih1_Clip1,Arih1,Clip1
Atg9a_Gsta3,Atg9a,Gsta3
Smc3_Rsl24d1,Smc3,Rsl24d1
Vps33a_Gclm,Vps33a,Gclm
Tcp1_Mmp9,Tcp1,Mmp9
Bcl6_Ftl1,Bcl6,Ftl1
Psmd13_Cd36,Psmd13,Cd36
Pfdn2_Ifih1,Pfdn2,Ifih1
Rpap2_Cd180,Rpap2,Cd180
Lamtor2_Vat1,Lamtor2,Vat1
Cwc15_Cd300c2,Cwc15,Cd300c2
Kars_Cd69,Kars,Cd69
Gpn2_Slc3a2,Gpn2,Slc3a2
Rb1cc1_Cxcl2,Rb1cc1,Cxcl2
Axin1_Il1b,Axin1,Il1b
Eif4a1_Smox,Eif4a1,Smox
Trappc8_Sqstm1,Trappc8,Sqstm1
Gtf2a2_Il1rn,Gtf2a2,Il1rn
Sephs1_Serp1,Sephs1,Serp1
Sptlc1_Vcan,Sptlc1,Vcan
Copz1_Rabac1,Copz1,Rabac1
Mms22l_AA467197,Mms22l,AA467197
Arid1a_Frmd4b,Arid1a,Frmd4b
Rc3h1_Cotl1,Rc3h1,Cotl1
Ric1_Mir22hg,Ric1,Mir22hg
Hira_Cd300a,Hira,Cd300a
Rtf1_Arl6ip1,Rtf1,Arl6ip1
Wdr5_Gbp8,Wdr5,Gbp8
Syvn1_Polr2a,Syvn1,Polr2a
Scap_Lhfpl2,Scap,Lhfpl2
Ube2m_Akr1a1,Ube2m,Akr1a1
Nfyc_Ccrl2,Nfyc,Ccrl2
Cmtr1_Crip1,Cmtr1,Crip1
Mideas_Bcl2a1d,Mideas,Bcl2a1d
Hspa4_Cotl1,Hspa4,Cotl1
Ppp2r2a_AA467197,Ppp2r2a,AA467197
Zfp36_Traf1,Zfp36,Traf1
Cnot1_Clec4e,Cnot1,Clec4e
Ylpm1_Gm26826,Ylpm1,Gm26826
Atp6v0e_Lipa,Atp6v0e,Lipa
Smc3_AA467197,Smc3,AA467197
Myd88_Sqstm1,Myd88,Sqstm1
Tpt1_Nucb2,Tpt1,Nucb2
Ttc1_Pbxip1,Ttc1,Pbxip1
Leng1_Acer3,Leng1,Acer3
Trappc8_Gbp2,Trappc8,Gbp2
Uvrag_Il15,Uvrag,Il15
Leo1_Gpnmb,Leo1,Gpnmb
Hyou1_Manf,Hyou1,Manf
Zfp36_Nabp1,Zfp36,Nabp1
Gins2_Uchl1,Gins2,Uchl1
Prpf19_Arf2,Prpf19,Arf2
Eftud2_A730090N16Rik,Eftud2,A730090N16Rik
Atp6v1e1_Gm20682,Atp6v1e1,Gm20682
Trappc8_Rabac1,Trappc8,Rabac1
Abi1_Ctsl,Abi1,Ctsl
Atf4_Ifih1,Atf4,Ifih1
Nolc1_Utrn,Nolc1,Utrn
Arpc3_Acod1,Arpc3,Acod1
Brd2_Fbxo11,Brd2,Fbxo11
Arpc3_H2-M2,Arpc3,H2-M2
Ncbp1_Rbmx2,Ncbp1,Rbmx2
Actr6_Cxcl10,Actr6,Cxcl10
Fbxo11_Zfand5,Fbxo11,Zfand5
Ptpn11_Ccl2,Ptpn11,Ccl2
Suz12_Cd69,Suz12,Cd69
Nckap1l_Cotl1,Nckap1l,Cotl1
Nfkbiz_Stap1,Nfkbiz,Stap1
Wnk1_Cacna1d,Wnk1,Cacna1d
Ankrd11_Mgst1,Ankrd11,Mgst1
Msto1_Gpnmb,Msto1,Gpnmb
Snx14_Timp2,Snx14,Timp2
Uxt_Mmp12,Uxt,Mmp12
Zfp710_Tmem51,Zfp710,Tmem51
Mcm4_Creg1,Mcm4,Creg1
Wnk1_Oasl1,Wnk1,Oasl1
Traf2_Sec11c,Traf2,Sec11c
Tgif1_D6Wsu163e,Tgif1,D6Wsu163e
Sel1l_Dnajc3,Sel1l,Dnajc3
Tyrobp_Gm17749,Tyrobp,Gm17749
Junb_Rftn1,Junb,Rftn1
Ncor2_Mmp12,Ncor2,Mmp12
Cct2_Pmepa1,Cct2,Pmepa1
Ehmt2_Plekha3,Ehmt2,Plekha3
Cog8_Creg1,Cog8,Creg1
Uxt_Irgm1,Uxt,Irgm1
Ogdh_Gapdh,Ogdh,Gapdh
Top3a_Rab3d,Top3a,Rab3d
Wdr3_Mir22hg,Wdr3,Mir22hg
Atp6v1e1_Gdf15,Atp6v1e1,Gdf15
Cd14_Cd14,Cd14,Cd14
Ndc80_Npy,Ndc80,Npy
Virma_Plpp3,Virma,Plpp3
Msto1_Slc16a3,Msto1,Slc16a3
Wdr48_Aig1,Wdr48,Aig1
Eif4a1_H2-M2,Eif4a1,H2-M2
Yeats4_Cacna1d,Yeats4,Cacna1d
Cct5_Snhg15,Cct5,Snhg15
Zfp207_1110038B12Rik,Zfp207,1110038B12Rik
Bag6_Hmox1,Bag6,Hmox1
Mta2_Gm57027,Mta2,Gm57027
Ube4b_Sh3yl1,Ube4b,Sh3yl1
Tbc1d10b_Igf1,Tbc1d10b,Igf1
Wtap_Adap2,Wtap,Adap2
Setd2_Lhfpl2,Setd2,Lhfpl2
Cnot2_Cdk18,Cnot2,Cdk18
Wdr48_A330040F15Rik,Wdr48,A330040F15Rik
Kdm1a_Cfp,Kdm1a,Cfp
Rpl10_Cd69,Rpl10,Cd69
Dpm1_Calr,Dpm1,Calr
Rc3h1_Saa3,Rc3h1,Saa3
Gosr2_Kcnn4,Gosr2,Kcnn4
Pgm3_Creld2,Pgm3,Creld2
Prpf38b_Slc25a4,Prpf38b,Slc25a4
Trappc8_Dnajc3,Trappc8,Dnajc3
Dync1h1_Ccrl2,Dync1h1,Ccrl2
Telo2_Ftl1,Telo2,Ftl1
Chmp6_Inhba,Chmp6,Inhba
Nfyc_Tnfsf9,Nfyc,Tnfsf9
Snrnp70_H2-M2,Snrnp70,H2-M2
Cnot1_H2-T22,Cnot1,H2-T22
Dnajc8_BC005537,Dnajc8,BC005537
Meaf6_Ifrd1,Meaf6,Ifrd1
Taf5l_Igf1,Taf5l,Igf1
Fli1_S100a10,Fli1,S100a10
Exosc7_Lgals3,Exosc7,Lgals3
Actr2_Calr,Actr2,Calr
Fzr1_Clec4e,Fzr1,Clec4e
Mtor_Tubb6,Mtor,Tubb6
Heatr1_Ifih1,Heatr1,Ifih1
Prpf40a_H1f2,Prpf40a,H1f2
Becn1_Gpnmb,Becn1,Gpnmb
Chd4_H2-Q7,Chd4,H2-Q7
Gtf2a2_Saa3,Gtf2a2,Saa3
Gins4_Ctsl,Gins4,Ctsl
Ncor2_Il1a,Ncor2,Il1a
Med29_Tcf7l2,Med29,Tcf7l2
Tbc1d10b_Myo1e,Tbc1d10b,Myo1e
Gosr2_Slamf9,Gosr2,Slamf9
Junb_Rfc3,Junb,Rfc3
Nelfa_H3f3b,Nelfa,H3f3b
Dpy30_Malt1,Dpy30,Malt1
Tcp1_Ddit3,Tcp1,Ddit3
Dad1_H2bc21,Dad1,H2bc21
Fbxo11_Il1a,Fbxo11,Il1a
Rbbp6_Kcnn4,Rbbp6,Kcnn4
Ptpn2_Iigp1,Ptpn2,Iigp1
Nob1_1110038B12Rik,Nob1,1110038B12Rik
Tyk2_Ifi44,Tyk2,Ifi44
Wdr5_Vcl,Wdr5,Vcl
Tnpo3_Il15,Tnpo3,Il15
Toe1_Exoc3,Toe1,Exoc3
Cct5_Fcgr2b,Cct5,Fcgr2b
Snx14_Ifi44,Snx14,Ifi44
Mtor_Picalm,Mtor,Picalm
Alg2_Mcm4,Alg2,Mcm4
E4f1_Apobec1,E4f1,Apobec1
Exoc5_Large1,Exoc5,Large1
Rpp21_Atf5,Rpp21,Atf5
Cbfb_Ccl9,Cbfb,Ccl9
Daxx_Vegfa,Daxx,Vegfa
Aip_Ftl1-ps1,Aip,Ftl1-ps1
Il10ra_Ifitm2,Il10ra,Ifitm2
Gins3_Lmna,Gins3,Lmna
Sars_Cyb5r1,Sars,Cyb5r1
Atp6ap2_Cfp,Atp6ap2,Cfp
Rrp1_Tlr2,Rrp1,Tlr2
Ints9_Col18a1,Ints9,Col18a1
Wdr5_AA467197,Wdr5,AA467197
Gins2_Pofut2,Gins2,Pofut2
Chd4_Saa3,Chd4,Saa3
Adnp_Glrx,Adnp,Glrx
Nelfcd_Calcr,Nelfcd,Calcr
Sptssa_Blvrb,Sptssa,Blvrb
Lamtor4_Gbp2,Lamtor4,Gbp2
Leng1_S100a11,Leng1,S100a11
Derl2_Hspa5,Derl2,Hspa5
Fli1_Bag5,Fli1,Bag5
Med25_Alox5ap,Med25,Alox5ap
Nelfcd_Ftl1,Nelfcd,Ftl1
Il10rb_Cxcl2,Il10rb,Cxcl2
Nrbp1_Npy,Nrbp1,Npy
Irf8_2310009B15Rik,Irf8,2310009B15Rik
Rptor_Serpinb6b,Rptor,Serpinb6b
Ippk_Anxa3,Ippk,Anxa3
Taf5l_Gm31005,Taf5l,Gm31005
Prpf38b_Ahnak,Prpf38b,Ahnak
Ticam2_Ckb,Ticam2,Ckb
Nop16_Cd69,Nop16,Cd69
Txnl4a_Inhba,Txnl4a,Inhba
Atxn7l3_Fcgr2b,Atxn7l3,Fcgr2b
Sbno2_Myo1e,Sbno2,Myo1e
Ptpa_Fpr2,Ptpa,Fpr2
Cct4_Tuba1c,Cct4,Tuba1c
Pfdn2_Fam111a,Pfdn2,Fam111a
Pdcd10_Ccl9,Pdcd10,Ccl9
Wdr75_Cd300e,Wdr75,Cd300e
Arpc2_Actb,Arpc2,Actb
Ticam2_Oasl1,Ticam2,Oasl1
Cct7_Prdx1,Cct7,Prdx1
Daxx_Ckb,Daxx,Ckb
Rpl35_Cmpk2,Rpl35,Cmpk2
Rc3h1_Dnmt3l,Rc3h1,Dnmt3l
Rela_Saa3,Rela,Saa3
Hdac3_B4galt7,Hdac3,B4galt7
Atxn7l3_Akr1a1,Atxn7l3,Akr1a1
Sars_Ly9,Sars,Ly9
Chmp6_Trmt10c,Chmp6,Trmt10c
Suz12_Ribc1,Suz12,Ribc1
Snapc3_Rnf149,Snapc3,Rnf149
Hira_Ly6a,Hira,Ly6a
Psmg4_Eif5,Psmg4,Eif5
Ptpn2_Sqstm1,Ptpn2,Sqstm1
Tbc1d10b_Slamf9,Tbc1d10b,Slamf9
Cul2_Gclm,Cul2,Gclm
Rpl26_H3f3b,Rpl26,H3f3b
Atxn7l3_Creg1,Atxn7l3,Creg1
Srsf10_Pilra,Srsf10,Pilra
Atp6v0e_Clec4e,Atp6v0e,Clec4e
Cop1_Reep3,Cop1,Reep3
Smg5_Slfn1,Smg5,Slfn1
Med25_Vav3,Med25,Vav3
Nckap1l_Pilra,Nckap1l,Pilra
Pi4kb_Selplg,Pi4kb,Selplg
Rps19_Cxcl10,Rps19,Cxcl10
Ube4b_Folr2,Ube4b,Folr2
Cul1_Neat1,Cul1,Neat1
Msto1_Bnip3,Msto1,Bnip3
Tirap_C1qb,Tirap,C1qb
Pias1_Gbp3,Pias1,Gbp3
Actr2_4930539J05Rik,Actr2,4930539J05Rik
Hdac3_Ctsl,Hdac3,Ctsl
Ndc80_Bnip3,Ndc80,Bnip3
Tirap_Serp1,Tirap,Serp1
Sptlc1_Pou3f1,Sptlc1,Pou3f1
Actr6_Ecpas,Actr6,Ecpas
Rps19_Taldo1,Rps19,Taldo1
Ddb1_Ddx10,Ddb1,Ddx10
Gtf2h1_Rabac1,Gtf2h1,Rabac1
Slc33a1_Pdia3,Slc33a1,Pdia3
Tubg1_Ccl7,Tubg1,Ccl7
Sbno2_Csf3r,Sbno2,Csf3r
Pias1_Dusp5,Pias1,Dusp5
Ing3_Lrmda,Ing3,Lrmda
Arih1_Cxcl3,Arih1,Cxcl3
Ylpm1_Ifit3b,Ylpm1,Ifit3b
Nelfb_Emp3,Nelfb,Emp3
Myd88_Osbpl8,Myd88,Osbpl8
Spout1_Il15,Spout1,Il15
Tpr_Resf1,Tpr,Resf1
Gins3_Nudt9,Gins3,Nudt9
Polr1f_Rrn3,Polr1f,Rrn3
Nop16_Cd44,Nop16,Cd44
Mtor_Abca1,Mtor,Abca1
Adnp_Morrbid,Adnp,Morrbid
Stk11_Ctla2b,Stk11,Ctla2b
Prpf19_Ahnak,Prpf19,Ahnak
Cpsf4_H2-Q7,Cpsf4,H2-Q7
Rbm15_Gbp5,Rbm15,Gbp5
Nop16_Itgam,Nop16,Itgam
Tpr_Tram1,Tpr,Tram1
Ddb1_Pcdh7,Ddb1,Pcdh7
Cdc42_Cd36,Cdc42,Cd36
Igbp1_Sqstm1,Igbp1,Sqstm1
Abi1_Dbr1,Abi1,Dbr1
Ctdspl2_Igf1,Ctdspl2,Igf1
Trappc8_Sec24a,Trappc8,Sec24a
Clp1_Lipa,Clp1,Lipa
Hdac3_Selenow,Hdac3,Selenow
Pfdn2_Fpr2,Pfdn2,Fpr2
Rab7_Ahnak,Rab7,Ahnak
Emc7_Hilpda,Emc7,Hilpda
Cop1_Eif5a,Cop1,Eif5a
Rps26_Dnmt3l,Rps26,Dnmt3l
Lamtor2_Lgals3,Lamtor2,Lgals3
Rbm15_Pf4,Rbm15,Pf4
Ctcf_Ntn1,Ctcf,Ntn1
Ppp6c_Prdx5,Ppp6c,Prdx5
Actl6a_Trem2,Actl6a,Trem2
Qars_Lysmd2,Qars,Lysmd2
Trappc1_Pck2,Trappc1,Pck2
Nfkbiz_Lrrc25,Nfkbiz,Lrrc25
Srcap_Glrx,Srcap,Glrx
Ash2l_Fndc3b,Ash2l,Fndc3b
Myc_Plaur,Myc,Plaur
Sec63_Coro2a,Sec63,Coro2a
Irf8_Pf4,Irf8,Pf4
Ss18_P4hb,Ss18,P4hb
Trappc1_Pcdh7,Trappc1,Pcdh7
Prpf40a_Lgals3,Prpf40a,Lgals3
Gins3_Rabac1,Gins3,Rabac1
Gins3_Gbf1,Gins3,Gbf1
Prpf40a_Pf4,Prpf40a,Pf4
Wnk1_Vcan,Wnk1,Vcan
Urm1_Ckb,Urm1,Ckb
Tpt1_Acsl4,Tpt1,Acsl4
Ube2h_Chchd10,Ube2h,Chchd10
Ppp2r3c_Pilrb2,Ppp2r3c,Pilrb2
Pias1_Irf2bp2,Pias1,Irf2bp2
Actr6_C3,Actr6,C3
Usp7_Ccl2,Usp7,Ccl2
Jtb_Pck2,Jtb,Pck2
Vps72_Cd69,Vps72,Cd69
Uvrag_Mmp12,Uvrag,Mmp12
Mcm4_Polr2g,Mcm4,Polr2g
Hdac3_Akr1a1,Hdac3,Akr1a1
Jtb_Ctsl,Jtb,Ctsl
Cdc123_Pmp22,Cdc123,Pmp22
Mtor_Lgals1,Mtor,Lgals1
Txnl4a_S100a6,Txnl4a,S100a6
Spop_Serpinb6b,Spop,Serpinb6b
Tbk1_Mt2,Tbk1,Mt2
Dusp1_Procr,Dusp1,Procr
Mta2_Lgals3,Mta2,Lgals3
Meaf6_Lgals3,Meaf6,Lgals3
Chmp3_Fcgr2b,Chmp3,Fcgr2b
Atg9a_Akr1a1,Atg9a,Akr1a1
Pten_Prkcb,Pten,Prkcb
Ppp2r3c_Cotl1,Ppp2r3c,Cotl1
Tirap_Saa3,Tirap,Saa3
Bloc1s1_Myo1e,Bloc1s1,Myo1e
Cwc15_Lgals3,Cwc15,Lgals3
Wdr75_Uchl1,Wdr75,Uchl1
Phb2_Cxcl2,Phb2,Cxcl2
Dohh_Il2rg,Dohh,Il2rg
Brd2_Card11,Brd2,Card11
Atp6v1b2_Lipa,Atp6v1b2,Lipa
Spop_Cmpk2,Spop,Cmpk2
Spc24_Fgl2,Spc24,Fgl2
Leng1_Hspb1,Leng1,Hspb1
Cop1_Evi5,Cop1,Evi5
Ppp2r2a_Psma6,Ppp2r2a,Psma6
Ddx41_Cmpk2,Ddx41,Cmpk2
Gins4_Npy,Gins4,Npy
Cct4_Mmp9,Cct4,Mmp9
Dusp1_Lima1,Dusp1,Lima1
Med29_Stmn1,Med29,Stmn1
Pik3c3_Snx5,Pik3c3,Snx5
E4f1_Rel,E4f1,Rel
Trem2_Haghl,Trem2,Haghl
Mnt_Acod1,Mnt,Acod1
Tlr4_Larp7,Tlr4,Larp7
Yeats4_Msrb1,Yeats4,Msrb1
Nop16_Mier3,Nop16,Mier3
Slc33a1_Fcgr2b,Slc33a1,Fcgr2b
Xpo1_Slc48a1,Xpo1,Slc48a1
Elavl1_Snhg3,Elavl1,Snhg3
Pfn1_Socs3,Pfn1,Socs3
Sec63_Blvrb,Sec63,Blvrb
Ippk_Fabp4,Ippk,Fabp4
Dido1_Selenow,Dido1,Selenow
Rbm15_Naglu,Rbm15,Naglu
Runx1_Mmp14,Runx1,Mmp14
Eny2_Reps1,Eny2,Reps1
Ptpn2_Upp1,Ptpn2,Upp1
Tyk2_Alms1,Tyk2,Alms1
Psmd13_Trem2,Psmd13,Trem2
Slc7a6os_Plaur,Slc7a6os,Plaur
Mta2_S100a10,Mta2,S100a10
Tardbp_C3,Tardbp,C3
Copz1_Rsad2,Copz1,Rsad2
Mphosph10_Aif1,Mphosph10,Aif1
Ccdc22_Rnf128,Ccdc22,Rnf128
Rbck1_H2aj,Rbck1,H2aj
Ints9_Prdx5,Ints9,Prdx5
Strap_Ckb,Strap,Ckb
Ddx41_Pilrb2,Ddx41,Pilrb2
Nkap_Asb11,Nkap,Asb11
Tut1_Zbtb34,Tut1,Zbtb34
Ddb1_Acod1,Ddb1,Acod1
Srsf10_Nlrp10,Srsf10,Nlrp10
Rbm14_Btg1,Rbm14,Btg1
Cog5_Cd69,Cog5,Cd69
Psmg4_Cxcl2,Psmg4,Cxcl2
Chmp3_Oxr1,Chmp3,Oxr1
Pafah1b1_Zdhhc1,Pafah1b1,Zdhhc1
Actr10_Pilra,Actr10,Pilra
Egln1_Pik3cd,Egln1,Pik3cd
Irf2_Ccl7,Irf2,Ccl7
Fermt3_Mthfd2,Fermt3,Mthfd2
Fth1_Akr1a1,Fth1,Akr1a1
2310011J03Rik_Snhg3,2310011J03Rik,Snhg3
Setd2_Stap1,Setd2,Stap1
Fth1_Igf1,Fth1,Igf1
Pdcd10_Oasl1,Pdcd10,Oasl1
Tcp1_Rnf213,Tcp1,Rnf213
Cul2_1110038B12Rik,Cul2,1110038B12Rik
Trappc1_Rabac1,Trappc1,Rabac1
Bap1_H2aj,Bap1,H2aj
Cog8_Btg1,Cog8,Btg1
Ncbp1_Hcn2,Ncbp1,Hcn2
Nol10_Calr,Nol10,Calr
Cct3_Mmp9,Cct3,Mmp9
Eny2_Anxa2,Eny2,Anxa2
Med20_Acod1,Med20,Acod1
Snrnp70_Ms4a4a,Snrnp70,Ms4a4a
Rps5_1110038B12Rik,Rps5,1110038B12Rik
Wdr70_Ncoa4,Wdr70,Ncoa4
Wtap_Msrb1,Wtap,Msrb1
Prdm1_Rgl1,Prdm1,Rgl1
Rc3h1_Ccl4,Rc3h1,Ccl4
Sptssa_Lgals3,Sptssa,Lgals3
Ddx5_Creg1,Ddx5,Creg1
Ubr4_Mtdh,Ubr4,Mtdh
Rpn1_Creld2,Rpn1,Creld2
Paf1_Ahsa1,Paf1,Ahsa1
Virma_Psma6,Virma,Psma6
Prpf40a_Crip1,Prpf40a,Crip1
Rbm15_Creg1,Rbm15,Creg1
Mideas_Ccnd1,Mideas,Ccnd1
Cog8_Glrx,Cog8,Glrx
Prpf40a_Cd300c2,Prpf40a,Cd300c2
Rngtt_Tcf4,Rngtt,Tcf4
Vps4b_Mtln,Vps4b,Mtln
Orc4_Trib3,Orc4,Trib3
Ss18_Cxcl14,Ss18,Cxcl14
Pafah1b1_Gpr84,Pafah1b1,Gpr84
Rb1_Gmnn,Rb1,Gmnn
Wdr3_Stmn1,Wdr3,Stmn1
Heatr1_Fgl2,Heatr1,Fgl2
2310011J03Rik_Gpnmb,2310011J03Rik,Gpnmb
Pdcd10_Plaur,Pdcd10,Plaur
Mau2_Psma6,Mau2,Psma6
Meaf6_Rcn1,Meaf6,Rcn1
Snx13_Creg1,Snx13,Creg1
Arpc3_Gsto1,Arpc3,Gsto1
Gins4_Slc39a13,Gins4,Slc39a13
Kdm1a_Tnfsf9,Kdm1a,Tnfsf9
Vps18_Jun,Vps18,Jun
Sephs1_Mgat4b,Sephs1,Mgat4b
Trem2_Pcdh7,Trem2,Pcdh7
Smarcd2_Clec4a1,Smarcd2,Clec4a1
Uvrag_Dnajc3,Uvrag,Dnajc3
Ap3b1_Rp2,Ap3b1,Rp2
Ppp2r2a_Ahnak,Ppp2r2a,Ahnak
Sec63_Ccl9,Sec63,Ccl9
Nrbf2_Blvrb,Nrbf2,Blvrb
Ppp2r2a_Magi3,Ppp2r2a,Magi3
Rcl1_Oasl1,Rcl1,Oasl1
Rps3_Acod1,Rps3,Acod1
Eny2_Hdac1,Eny2,Hdac1
Bag6_H2-Q7,Bag6,H2-Q7
Tbc1d10b_Cxcl2,Tbc1d10b,Cxcl2
Cog5_Cd36,Cog5,Cd36
Tgif1_Simc1,Tgif1,Simc1
Irf8_Cmpk2,Irf8,Cmpk2
Rraga_Creg1,Rraga,Creg1
Bap1_Cmpk2,Bap1,Cmpk2
Nolc1_Selenop,Nolc1,Selenop
Ncor2_Cxcl2,Ncor2,Cxcl2
Cct7_Npy,Cct7,Npy
Oxsr1_Plaur,Oxsr1,Plaur
Tlr4_Fxyd2,Tlr4,Fxyd2
Ss18_H2-M2,Ss18,H2-M2
Prpf6_Trem2,Prpf6,Trem2
Orc4_Snhg1,Orc4,Snhg1
Heatr1_Alox5ap,Heatr1,Alox5ap
Il10rb_Mmp12,Il10rb,Mmp12
Zfp710_Ccdc25,Zfp710,Ccdc25
Mcm4_Tnfrsf21,Mcm4,Tnfrsf21
Cct3_Fcgr2b,Cct3,Fcgr2b
Ints1_Nampt,Ints1,Nampt
Setd2_Calr,Setd2,Calr
Top3a_Snhg16,Top3a,Snhg16
Cnot1_Spty2d1,Cnot1,Spty2d1
Leo1_Timp2,Leo1,Timp2
Xpo1_Gapdh,Xpo1,Gapdh
Suz12_Rhoc,Suz12,Rhoc
Mcm4_Pbxip1,Mcm4,Pbxip1
Rpn1_Foxo3,Rpn1,Foxo3
Nelfb_1110038B12Rik,Nelfb,1110038B12Rik
Jak1_Sh2d1b1,Jak1,Sh2d1b1
Kin_Clvs1,Kin,Clvs1
Med29_Rsad2,Med29,Rsad2
Rnf40_B430319H21Rik,Rnf40,B430319H21Rik
Rtf1_Iigp1,Rtf1,Iigp1
Jak1_Dnajc18,Jak1,Dnajc18
Hnrnpu_Ahnak,Hnrnpu,Ahnak
Tcp1_C920021L13Rik,Tcp1,C920021L13Rik
Nfyc_Gpx4,Nfyc,Gpx4
Gosr2_Idnk,Gosr2,Idnk
Rheb_Ckb,Rheb,Ckb
Cul1_Azin1,Cul1,Azin1
Gtf2h1_Taf7,Gtf2h1,Taf7
Virma_Creg1,Virma,Creg1
Nop16_Il15,Nop16,Il15
Setd2_Tent5a,Setd2,Tent5a
Usp39_Zfp655,Usp39,Zfp655
Igbp1_Actb,Igbp1,Actb
Mau2_Spint2,Mau2,Spint2
Sel1l_Auts2,Sel1l,Auts2
Snrnp27_Acss1,Snrnp27,Acss1
Med20_Vti1a,Med20,Vti1a
Ehmt2_Zbtb4,Ehmt2,Zbtb4
Yrdc_Actb,Yrdc,Actb
Rc3h1_Cd63,Rc3h1,Cd63
Pfn1_Gpr84,Pfn1,Gpr84
Tardbp_Sqstm1,Tardbp,Sqstm1
Pafah1b1_Aopep,Pafah1b1,Aopep
Hyou1_Ckb,Hyou1,Ckb
Ptpn11_Pcdh7,Ptpn11,Pcdh7
Dohh_Bcl6,Dohh,Bcl6
Vhl_Ly6a,Vhl,Ly6a
Sbno2_Fgl2,Sbno2,Fgl2
Srsf10_Blvrb,Srsf10,Blvrb
Hyou1_Smpdl3a,Hyou1,Smpdl3a
Tcp1_Tubb6,Tcp1,Tubb6
Ddx5_Serpine1,Ddx5,Serpine1
Rpl35_Cd69,Rpl35,Cd69
Gnb2_Lipa,Gnb2,Lipa
Rb1cc1_Sqstm1,Rb1cc1,Sqstm1
Il10rb_Socs3,Il10rb,Socs3
Jak1_Akr1a1,Jak1,Akr1a1
Adnp_Uchl1,Adnp,Uchl1
Ddx41_Lmna,Ddx41,Lmna
Hyou1_Ifi47,Hyou1,Ifi47
Becn1_Gm11613,Becn1,Gm11613
Rbck1_Mgst1,Rbck1,Mgst1
Wdr75_Trem2,Wdr75,Trem2
Wdr61_Ifit2,Wdr61,Ifit2
Prdm1_Gpnmb,Prdm1,Gpnmb
Telo2_2610037D02Rik,Telo2,2610037D02Rik
Sbno2_Aif1,Sbno2,Aif1
Dcaf7_Cdk2ap2,Dcaf7,Cdk2ap2
Rpl4_Macir,Rpl4,Macir
Kars_Timp2,Kars,Timp2
Nolc1_Gm43573,Nolc1,Gm43573
Rbbp6_Smpdl3a,Rbbp6,Smpdl3a
Ddx6_Arhgap31,Ddx6,Arhgap31
Srcap_Hilpda,Srcap,Hilpda
Elavl1_Itga4,Elavl1,Itga4
Top3a_Ccl2,Top3a,Ccl2
Tnfaip3_Calr,Tnfaip3,Calr
Strip1_Aars,Strip1,Aars
Meaf6_Gclm,Meaf6,Gclm
Wdr3_Npy,Wdr3,Npy
Ikbkb_Mt1,Ikbkb,Mt1
Vps41_Xcr1,Vps41,Xcr1
Ikzf1_Dnajb9,Ikzf1,Dnajb9
Tbc1d10b_Cdkl3,Tbc1d10b,Cdkl3
Chmp3_Gpnmb,Chmp3,Gpnmb
Usp7_Hilpda,Usp7,Hilpda
Arid1a_Vav3,Arid1a,Vav3
Wdr36_Gpnmb,Wdr36,Gpnmb
Ncbp1_Cd63,Ncbp1,Cd63
Rragc_Vat1,Rragc,Vat1
Ap3b1_Nr1h3,Ap3b1,Nr1h3
Scap_Plpp3,Scap,Plpp3
Myc_Cd36,Myc,Cd36
Rcl1_Gpnmb,Rcl1,Gpnmb
Zfp36_Sec11c,Zfp36,Sec11c
Telo2_Ifi27,Telo2,Ifi27
Runx1_Nckap1,Runx1,Nckap1
Ube4b_Cenph,Ube4b,Cenph
Pfn1_Saa3,Pfn1,Saa3
Rrp1_Tubb6,Rrp1,Tubb6
Ric1_Mmp12,Ric1,Mmp12
Srsf1_Ftl1,Srsf1,Ftl1
Bap1_Il1rn,Bap1,Il1rn
Cdc123_Sqstm1,Cdc123,Sqstm1
Chmp6_Apoc2,Chmp6,Apoc2
Srsf1_Syngr1,Srsf1,Syngr1
Yy1_Ralgapa2,Yy1,Ralgapa2
Cbll1_Gclm,Cbll1,Gclm
Nolc1_Cd69,Nolc1,Cd69
Tpt1_Trim30c,Tpt1,Trim30c
Tyrobp_Kif22,Tyrobp,Kif22
Axin1_Rbm15,Axin1,Rbm15
Tbk1_Il15,Tbk1,Il15
Ctcf_Pdk1,Ctcf,Pdk1
Ddx5_Pcdh7,Ddx5,Pcdh7
Csnk1a1_Tuba1c,Csnk1a1,Tuba1c
Prdm1_Slamf9,Prdm1,Slamf9
Mbd2_Itgal,Mbd2,Itgal
Srcap_Slamf9,Srcap,Slamf9
Hsp90b1_Saa3,Hsp90b1,Saa3
Qars_Krtcap2,Qars,Krtcap2
Becn1_Creg1,Becn1,Creg1
Mcm4_Dock10,Mcm4,Dock10
Tyrobp_Ckb,Tyrobp,Ckb
Dync1h1_Cd14,Dync1h1,Cd14
Rcl1_Adamts4,Rcl1,Adamts4
Tcp1_Fcgr2b,Tcp1,Fcgr2b
Cct4_Tmem178,Cct4,Tmem178
Hdac3_Oasl1,Hdac3,Oasl1
Rab7_Adgre5,Rab7,Adgre5
Fli1_C1qb,Fli1,C1qb
Pfn1_Gm34961,Pfn1,Gm34961
Lamtor2_Ctsl,Lamtor2,Ctsl
Nop16_Neat1,Nop16,Neat1
Xpo1_Hmgn1,Xpo1,Hmgn1
Eif1ad_Hsp90b1,Eif1ad,Hsp90b1
Chmp5_Prdx1,Chmp5,Prdx1
Cdkn1a_Lmna,Cdkn1a,Lmna
Heatr1_Crip1,Heatr1,Crip1
Irf9_Ms4a4c,Irf9,Ms4a4c
Ehmt2_Aif1,Ehmt2,Aif1
Adnp_Ctsl,Adnp,Ctsl
Nkap_Cmpk2,Nkap,Cmpk2
Hyou1_Gpr84,Hyou1,Gpr84
Rragc_Pcna,Rragc,Pcna
Srrd_Ckb,Srrd,Ckb
Ylpm1_Stk3,Ylpm1,Stk3
Mtor_Chchd10,Mtor,Chchd10
Tnpo3_Ago3,Tnpo3,Ago3
Sephs1_Ggta1,Sephs1,Ggta1
Abi1_Gbp5,Abi1,Gbp5
Hsp90b1_C3,Hsp90b1,C3
Mta2_Ly6a,Mta2,Ly6a
Elavl1_Litaf,Elavl1,Litaf
Tubg1_Hopx,Tubg1,Hopx
Kras_Blvrb,Kras,Blvrb
Mnt_Gbe1,Mnt,Gbe1
Sec63_Fpr2,Sec63,Fpr2
Snrnp70_Stard9,Snrnp70,Stard9
Rps19_Dnajb9,Rps19,Dnajb9
Ikbkb_Clec4e,Ikbkb,Clec4e
Wdr70_Ly6a,Wdr70,Ly6a
Wdr43_Spryd7,Wdr43,Spryd7
Ddx6_Ddit3,Ddx6,Ddit3
Snrnp27_Kctd12,Snrnp27,Kctd12
Wdr61_Ctsl,Wdr61,Ctsl
Ogdh_Fzd1,Ogdh,Fzd1
Cct3_Sqstm1,Cct3,Sqstm1
Rheb_S100a10,Rheb,S100a10
Chmp6_Cd86,Chmp6,Cd86
Actr2_Ifit3,Actr2,Ifit3
Rheb_Herpud1,Rheb,Herpud1
Nprl2_Prnp,Nprl2,Prnp
Rheb_Sdc1,Rheb,Sdc1
Fth1_Gclm,Fth1,Gclm
Qars_Ckb,Qars,Ckb
Cdkn1a_Smc4,Cdkn1a,Smc4
Prpf40a_Pgm1,Prpf40a,Pgm1
Rbm15_Oasl1,Rbm15,Oasl1
Rngtt_Saa3,Rngtt,Saa3
Leng1_Timp2,Leng1,Timp2
Vps41_Bcl2a1a,Vps41,Bcl2a1a
Aip_Ctla2b,Aip,Ctla2b
Wdr75_Cd72,Wdr75,Cd72
Hira_Slfn1,Hira,Slfn1
Dph3_Card19,Dph3,Card19
Fzr1_Smpdl3a,Fzr1,Smpdl3a
Nol10_Gpr84,Nol10,Gpr84
Eif1ad_Plpp3,Eif1ad,Plpp3
Mafb_Mrgpre,Mafb,Mrgpre
Syvn1_Pglyrp1,Syvn1,Pglyrp1
Dpm1_Me1,Dpm1,Me1
Atp6ap2_Prdx1,Atp6ap2,Prdx1
Bap1_Gm57450,Bap1,Gm57450
Adnp_Sp3,Adnp,Sp3
Fli1_Dbi,Fli1,Dbi
Zfp207_Dnajc3,Zfp207,Dnajc3
Rtf1_Glrx,Rtf1,Glrx
Ctdspl2_Xylt2,Ctdspl2,Xylt2
Dpm1_Aif1,Dpm1,Aif1
Tyk2_Nabp1,Tyk2,Nabp1
Il10rb_Sgo1,Il10rb,Sgo1
Cog5_Stmn1,Cog5,Stmn1
Myd88_Ctsl,Myd88,Ctsl
Cnot2_Akr1a1,Cnot2,Akr1a1
Ash2l_Gm20125,Ash2l,Gm20125
Ptpa_Lmna,Ptpa,Lmna
Irf9_Plcd1,Irf9,Plcd1
Cog8_Cxcl2,Cog8,Cxcl2
Cdc123_Cyb5r1,Cdc123,Cyb5r1
Ss18_Ckb,Ss18,Ckb
Ppp2r1a_Smox,Ppp2r1a,Smox
Scap_Tlr2,Scap,Tlr2
Mphosph10_Cotl1,Mphosph10,Cotl1
Vps4b_Chchd6,Vps4b,Chchd6
Eny2_Lmna,Eny2,Lmna
Copz1_St3gal5,Copz1,St3gal5
Tsc2_H3f3b,Tsc2,H3f3b
Pfn1_Iigp1,Pfn1,Iigp1
Rpap2_Ifit2,Rpap2,Ifit2
Rpap2_Sars,Rpap2,Sars
Cul2_Tnfaip2,Cul2,Tnfaip2
Gpn2_Ctsh,Gpn2,Ctsh
Cct4_Sqstm1,Cct4,Sqstm1
Bloc1s1_Selenow,Bloc1s1,Selenow
Dph3_Bst1,Dph3,Bst1
Leo1_Igtp,Leo1,Igtp
Ctcf_Med29,Ctcf,Med29
Mafb_Il1b,Mafb,Il1b
Arid1a_Tmcc3,Arid1a,Tmcc3
Txnl4a_Lgals3,Txnl4a,Lgals3
Jak1_Mthfd2,Jak1,Mthfd2
Pik3c3_Mmp12,Pik3c3,Mmp12
Fermt3_Hsp90b1,Fermt3,Hsp90b1
Prpf6_Prpf3,Prpf6,Prpf3
Clp1_Atf5,Clp1,Atf5
Nkap_Mt2,Nkap,Mt2
Atf4_Dnmt1,Atf4,Dnmt1
Nrbp1_Lipa,Nrbp1,Lipa
Pgm3_Lgals3,Pgm3,Lgals3
Hdac3_F9,Hdac3,F9
Cnot1_Trem2,Cnot1,Trem2
Gtf2h1_Fap,Gtf2h1,Fap
Rps3_Aif1,Rps3,Aif1
Atp6v1a_Gstm5,Atp6v1a,Gstm5
Ctdnep1_Tmeff1,Ctdnep1,Tmeff1
Ehmt2_Lrp12,Ehmt2,Lrp12
Hyou1_Cd69,Hyou1,Cd69
Mapkapk2_Skil,Mapkapk2,Skil
Heatr1_Gpnmb,Heatr1,Gpnmb
Ddx6_Csf3,Ddx6,Csf3
Ctdnep1_Zfp512,Ctdnep1,Zfp512
Rpl4_Pcdh7,Rpl4,Pcdh7
Uvrag_Syngr1,Uvrag,Syngr1
Csnk1a1_Cpe,Csnk1a1,Cpe
Med25_Prdx1,Med25,Prdx1
Qars_Iigp1,Qars,Iigp1
Nob1_Gpr84,Nob1,Gpr84
Irak4_Rnf128,Irak4,Rnf128
Brd2_Gapdh,Brd2,Gapdh
Fermt3_Ralgapa2,Fermt3,Ralgapa2
Cul3_Il4i1,Cul3,Il4i1
Actl6a_Prr13,Actl6a,Prr13
Polr2i_Adssl1,Polr2i,Adssl1
Spop_Cip2a,Spop,Cip2a
Gins2_Ms4a6b,Gins2,Ms4a6b
Ap3b1_Ctsc,Ap3b1,Ctsc
Rbbp6_Glrx,Rbbp6,Glrx
Wdr5_Gclm,Wdr5,Gclm
Top3a_Hsp90b1,Top3a,Hsp90b1
Cdkn1a_Kif4,Cdkn1a,Kif4
Pdcd10_Rfc1,Pdcd10,Rfc1
Tln1_Ifitm2,Tln1,Ifitm2
Tbc1d10b_Cyb5r1,Tbc1d10b,Cyb5r1
Ikbkb_Clec4a1,Ikbkb,Clec4a1
Tpt1_Lmo2,Tpt1,Lmo2
Spc24_Bnip3,Spc24,Bnip3
Kdm1a_Polr2g,Kdm1a,Polr2g
Tgif1_Ebi3,Tgif1,Ebi3
Acin1_Hmgb2,Acin1,Hmgb2
Cdc42_Cnot6l,Cdc42,Cnot6l
Irf2_Rcbtb1,Irf2,Rcbtb1
Slc33a1_Nlrp3,Slc33a1,Nlrp3
Dad1_Wipf1,Dad1,Wipf1
Ddx5_Fxyd2,Ddx5,Fxyd2
Slc33a1_Oasl1,Slc33a1,Oasl1
Slc7a6os_Grcc10,Slc7a6os,Grcc10
Rheb_Psma6,Rheb,Psma6
Ap3b1_Katnal2,Ap3b1,Katnal2
Sptssa_Etnk1,Sptssa,Etnk1
Sbno2_S100a6,Sbno2,S100a6
Eif4a1_Abca1,Eif4a1,Abca1
Irak4_Saa3,Irak4,Saa3
Cul1_Cpe,Cul1,Cpe
Pdcd10_Slc46a3,Pdcd10,Slc46a3
Mcm4_Cd36,Mcm4,Cd36
Igbp1_Uchl1,Igbp1,Uchl1
Ankrd11_Serp1,Ankrd11,Serp1
Dido1_Zfp422,Dido1,Zfp422
Tirap_Col18a1,Tirap,Col18a1
Pafah1b1_Fxyd2,Pafah1b1,Fxyd2
Mnt_Cry1,Mnt,Cry1
Dync1h1_Gpnmb,Dync1h1,Gpnmb
Csnk1a1_Saa3,Csnk1a1,Saa3
Kdm1a_Mtarc2,Kdm1a,Mtarc2
Tyk2_Ifit2,Tyk2,Ifit2
Pik3c3_Clec4e,Pik3c3,Clec4e
Emc7_Prdx6,Emc7,Prdx6
Vps33a_Ksr1,Vps33a,Ksr1
Cul2_Egln1,Cul2,Egln1
Tyrobp_Lipa,Tyrobp,Lipa
Stag2_Gadd45b,Stag2,Gadd45b
Mphosph10_Il1rn,Mphosph10,Il1rn
Pi4kb_B4galt5,Pi4kb,B4galt5
Arih1_Cxcl1,Arih1,Cxcl1
Gnb2_Cp,Gnb2,Cp
Jak1_Gm10785,Jak1,Gm10785
Rps19_Cd36,Rps19,Cd36
Oxsr1_Npy,Oxsr1,Npy
Arid1a_Plcb3,Arid1a,Plcb3
Atp6v1b2_Zfas1,Atp6v1b2,Zfas1
Rptor_Tmbim1,Rptor,Tmbim1
Nrbf2_Rin2,Nrbf2,Rin2
Ppp2r2a_Prdx1,Ppp2r2a,Prdx1
Cct4_C3,Cct4,C3
Ppp6c_AI839979,Ppp6c,AI839979
Exosc7_Snhg3,Exosc7,Snhg3
Naa35_Itpkb,Naa35,Itpkb
Wdr61_Ifih1,Wdr61,Ifih1
Mphosph10_Creg1,Mphosph10,Creg1
Arid1a_Icam1,Arid1a,Icam1
2310011J03Rik_Zfp263,2310011J03Rik,Zfp263
Bloc1s1_Fpr2,Bloc1s1,Fpr2
Ddx5_Higd1a,Ddx5,Higd1a
Dhx15_Aldh1l1,Dhx15,Aldh1l1
Tlr4_Uchl1,Tlr4,Uchl1
Ddost_Manf,Ddost,Manf
Rae1_Smox,Rae1,Smox
Tln1_Pilra,Tln1,Pilra
Jtb_Hspa5,Jtb,Hspa5
Arpc3_Actb,Arpc3,Actb
Copz1_Creg1,Copz1,Creg1
Ogdh_Parp1,Ogdh,Parp1
Pik3c3_Shld1,Pik3c3,Shld1
Dad1_Jup,Dad1,Jup
Nop16_Serpinb6a,Nop16,Serpinb6a
Chmp6_Cmpk2,Chmp6,Cmpk2
Cul3_Atg4c,Cul3,Atg4c
Otud5_Aif1,Otud5,Aif1
Dnajc8_Gm39469,Dnajc8,Gm39469
Mms22l_Sqstm1,Mms22l,Sqstm1
Sephs1_Hsp90b1,Sephs1,Hsp90b1
Alg2_Manf,Alg2,Manf
Dnajc8_Itgal,Dnajc8,Itgal
Atp6v0e_Alcam,Atp6v0e,Alcam
Wdr61_Glrx,Wdr61,Glrx
Cct2_Cyb561,Cct2,Cyb561
Oxsr1_Folr2,Oxsr1,Folr2
Cul3_Cd36,Cul3,Cd36
Mcm4_Zfp263,Mcm4,Zfp263
Aip_Ly86,Aip,Ly86
Ptpa_Rab11fip1,Ptpa,Rab11fip1
Tnpo3_Gclm,Tnpo3,Gclm
Prpf38b_Creg1,Prpf38b,Creg1
Tnfaip3_Ifi206,Tnfaip3,Ifi206
Lamtor4_Uchl5,Lamtor4,Uchl5
Jtb_Bcl2a1d,Jtb,Bcl2a1d
Toe1_Cd36,Toe1,Cd36
Vps33a_Gm57341,Vps33a,Gm57341
Tnfaip3_Fcgr2b,Tnfaip3,Fcgr2b
Trrap_Actb,Trrap,Actb
Adnp_Mtarc2,Adnp,Mtarc2
Prdm1_Gm56730,Prdm1,Gm56730
Becn1_Mmp12,Becn1,Mmp12
Il10rb_Pck2,Il10rb,Pck2
Snx14_Junb,Snx14,Junb
Mapk14_Stx3,Mapk14,Stx3
Pfn1_Eif5,Pfn1,Eif5
Snapc3_2310001H17Rik,Snapc3,2310001H17Rik
Snrnp27_Ctsl,Snrnp27,Ctsl
Cmtr1_Gadd45b,Cmtr1,Gadd45b
Nprl2_Clec4e,Nprl2,Clec4e
Vps33a_Creg1,Vps33a,Creg1
Leng8_Blvrb,Leng8,Blvrb
Sec62_Evi5,Sec62,Evi5
Kars_H2-T22,Kars,H2-T22
Cdkn1a_Pilra,Cdkn1a,Pilra
Ppp2r1a_Ifit3,Ppp2r1a,Ifit3
Toe1_Syngr1,Toe1,Syngr1
Dync1h1_Taldo1,Dync1h1,Taldo1
Ap3b1_Pdia3,Ap3b1,Pdia3
Nelfcd_Irgm1,Nelfcd,Irgm1
Cnot1_Cfp,Cnot1,Cfp
Ddx6_Abca1,Ddx6,Abca1
Mms22l_Cdk18,Mms22l,Cdk18
E4f1_Hmox1,E4f1,Hmox1
Tnfrsf1a_Clec4e,Tnfrsf1a,Clec4e
Yeats4_Eif5,Yeats4,Eif5
Alg2_Dnajc3,Alg2,Dnajc3
Phb2_Stmn1,Phb2,Stmn1
Runx1_Stx3,Runx1,Stx3
Dusp1_Icam1,Dusp1,Icam1
Rpl26_Cd69,Rpl26,Cd69
Naa35_Dnajc1,Naa35,Dnajc1
Clp1_Eif5,Clp1,Eif5
Abi1_Cd36,Abi1,Cd36
Cct5_BC005537,Cct5,BC005537
Ly96_Cfp,Ly96,Cfp
Atg9a_Sqstm1,Atg9a,Sqstm1
Rela_Clec4e,Rela,Clec4e
Rps3_Tbc1d9,Rps3,Tbc1d9
Zfp710_Psma6,Zfp710,Psma6
Traf6_St3gal5,Traf6,St3gal5
Ints1_Hmox1,Ints1,Hmox1
Fzr1_Ddx56,Fzr1,Ddx56
Dr1_Cd9,Dr1,Cd9
Dpm3_Il1rn,Dpm3,Il1rn
Kin_Cxcl14,Kin,Cxcl14
Chmp5_Akr1a1,Chmp5,Akr1a1
Ddx5_Ctsl,Ddx5,Ctsl
Yeats4_Ctsc,Yeats4,Ctsc
Traf6_Il1b,Traf6,Il1b
Mtor_Ppm1g,Mtor,Ppm1g
Oxsr1_Ifitm6,Oxsr1,Ifitm6
Hdac3_Pgm1,Hdac3,Pgm1
Paf1_Polr2a,Paf1,Polr2a
Nprl2_Folr2,Nprl2,Folr2
Ankrd11_Hoxb4,Ankrd11,Hoxb4
Arih1_St3gal5,Arih1,St3gal5
Rpap2_Ms4a4c,Rpap2,Ms4a4c
Wdr70_Ndufa4,Wdr70,Ndufa4
Cdkn1a_Atad2,Cdkn1a,Atad2
Eif2s1_Tlr3,Eif2s1,Tlr3
Abi1_Thbs1,Abi1,Thbs1
Sptlc1_Prnp,Sptlc1,Prnp
Ube4b_Gm42717,Ube4b,Gm42717
Atp6v1a_Gm26569,Atp6v1a,Gm26569
Atg101_Gm57462,Atg101,Gm57462
Bcl6_Alas1,Bcl6,Alas1
Dusp1_Mtdh,Dusp1,Mtdh
Paf1_Uchl1,Paf1,Uchl1
Bcl6_Mthfs,Bcl6,Mthfs
Derl2_Manf,Derl2,Manf
Dph3_Slc48a1,Dph3,Slc48a1
Prpf38b_Ifitm6,Prpf38b,Ifitm6
Ticam2_Cd300ld,Ticam2,Cd300ld
Mta2_Insl6,Mta2,Insl6
Usp7_Uchl1,Usp7,Uchl1
Rb1cc1_Creg1,Rb1cc1,Creg1
Tubg1_Prkcb,Tubg1,Prkcb
Pgm3_Mtarc2,Pgm3,Mtarc2
Bcl6_Mmp12,Bcl6,Mmp12
Gpn2_Mmp12,Gpn2,Mmp12
Sptlc1_Dock10,Sptlc1,Dock10
Rb1_Gpnmb,Rb1,Gpnmb
Mbtps2_Trp53i11,Mbtps2,Trp53i11
Tbk1_Rgs18,Tbk1,Rgs18
Arpc2_Rap2a,Arpc2,Rap2a
Cbfb_Ranbp2,Cbfb,Ranbp2
Rbm14_B4galt5,Rbm14,B4galt5
Mphosph10_Dhcr24,Mphosph10,Dhcr24
Ifnar1_Cd63,Ifnar1,Cd63
Dido1_2410017I17Rik,Dido1,2410017I17Rik
Nprl2_Cmpk2,Nprl2,Cmpk2
Zfp710_Stk39,Zfp710,Stk39
Dpm3_Saa3,Dpm3,Saa3
Srsf10_Timp2,Srsf10,Timp2
Rptor_Selenow,Rptor,Selenow
Rragc_Lgals3,Rragc,Lgals3
Arih1_Gpx4,Arih1,Gpx4
Cog5_Fchsd2,Cog5,Fchsd2
Rps5_Cks1b,Rps5,Cks1b
Emc7_Pak1,Emc7,Pak1
Chmp5_Lmna,Chmp5,Lmna
Cwc25_Apbb2,Cwc25,Apbb2
Srrd_Tubb6,Srrd,Tubb6
Slc33a1_Hsp90b1,Slc33a1,Hsp90b1
Paf1_Lgals3,Paf1,Lgals3
Rpl35_Ptpn12,Rpl35,Ptpn12
Nrbf2_Cd36,Nrbf2,Cd36
Smarcd2_Dnase1l1,Smarcd2,Dnase1l1
Kat8_Hp,Kat8,Hp
Hnrnpu_Ctsl,Hnrnpu,Ctsl
Nckap1l_Ifih1,Nckap1l,Ifih1
Tgif1_Slc48a1,Tgif1,Slc48a1
Exoc5_H2-M2,Exoc5,H2-M2
Dido1_C1qb,Dido1,C1qb
Tsc2_Cd63,Tsc2,Cd63
Kat8_Trim30c,Kat8,Trim30c
Vps4b_Tgm2,Vps4b,Tgm2
Acin1_C3,Acin1,C3
Zbtb17_Cxcl2,Zbtb17,Cxcl2
Plrg1_Blvrb,Plrg1,Blvrb
Chd4_Alox5ap,Chd4,Alox5ap
Rbbp6_Sec11c,Rbbp6,Sec11c
Ubr4_Atf5,Ubr4,Atf5
Pfdn6_Lmna,Pfdn6,Lmna
Yy1_Saa3,Yy1,Saa3
Cbll1_S100a10,Cbll1,S100a10
Otud5_Glrx,Otud5,Glrx
Ddost_Ttll12,Ddost,Ttll12
Slc7a6os_Comtd1,Slc7a6os,Comtd1
Emc3_Marcksl1,Emc3,Marcksl1
Tubg1_Pate2,Tubg1,Pate2
Dync1i2_Large1,Dync1i2,Large1
Psmd1_Saa3,Psmd1,Saa3
Rpn1_Hspa5,Rpn1,Hspa5
Igbp1_Prdx1,Igbp1,Prdx1
Ptpn2_Btg1,Ptpn2,Btg1
Exoc5_Stx3,Exoc5,Stx3
Nelfa_C1qb,Nelfa,C1qb
Actr2_Ppm1k,Actr2,Ppm1k
Pias1_4933439K11Rik,Pias1,4933439K11Rik
Srrd_Uchl1,Srrd,Uchl1
Gpn2_Igf1,Gpn2,Igf1
Mettl3_Plpp3,Mettl3,Plpp3
Dad1_Hsp90b1,Dad1,Hsp90b1
Rtf1_Gm56955,Rtf1,Gm56955
Gspt1_Acer3,Gspt1,Acer3
Mphosph10_Mast4,Mphosph10,Mast4
Stk11_Thbs1,Stk11,Thbs1
Egln1_Fcgr2b,Egln1,Fcgr2b
Bloc1s1_Hspa5,Bloc1s1,Hspa5
Nolc1_Cotl1,Nolc1,Cotl1
Rpl4_Cmpk2,Rpl4,Cmpk2
Top3a_Timp2,Top3a,Timp2
Dcaf13_Icam1,Dcaf13,Icam1
Rtf1_Cdadc1,Rtf1,Cdadc1
Kin_Rnf149,Kin,Rnf149
Rps3_Nampt,Rps3,Nampt
Mta2_Adamtsl5,Mta2,Adamtsl5
Ctcf_Impa2,Ctcf,Impa2
Eif4a1_Fxyd5,Eif4a1,Fxyd5
Ppp2r2a_Sap30,Ppp2r2a,Sap30
Prpf38b_Pcdh7,Prpf38b,Pcdh7
Mapkapk2_Ifit2,Mapkapk2,Ifit2
Ppp2r2a_Plaur,Ppp2r2a,Plaur
Fzr1_Dph6,Fzr1,Dph6
Cct5_Prdx5,Cct5,Prdx5
Plrg1_Sv2a,Plrg1,Sv2a
Srsf10_Ifit3,Srsf10,Ifit3
Actr6_Igsf6,Actr6,Igsf6
Gtf2h1_Clec7a,Gtf2h1,Clec7a
Rbck1_Bcl2a1d,Rbck1,Bcl2a1d
Vps72_Hspa5,Vps72,Hspa5
Ly96_Dag1,Ly96,Dag1
Spout1_Gbp5,Spout1,Gbp5
Emc3_Fcgr2b,Emc3,Fcgr2b
Atp6v1b2_Clec4e,Atp6v1b2,Clec4e
Myc_Hivep2,Myc,Hivep2
Eftud2_Csf2rb,Eftud2,Csf2rb
Cul2_Slc6a8,Cul2,Slc6a8
Cnot2_Rsad2,Cnot2,Rsad2
Rpl4_Spryd7,Rpl4,Spryd7
Bloc1s1_Mmp12,Bloc1s1,Mmp12
Cdc123_Gbp2,Cdc123,Gbp2
Sec13_Prnp,Sec13,Prnp
Dad1_Manf,Dad1,Manf
Rbbp6_Cd83,Rbbp6,Cd83
Emc3_Tmem178,Emc3,Tmem178
Eny2_Rnf169,Eny2,Rnf169
Atp6v0e_Dynll1,Atp6v0e,Dynll1
Rpl35_Traf1,Rpl35,Traf1
Cbll1_Ss18l2,Cbll1,Ss18l2
Ints9_Gusb,Ints9,Gusb
Prpf38b_Ctsl,Prpf38b,Ctsl
E4f1_Igtp,E4f1,Igtp
Usp7_Ctsl,Usp7,Ctsl
Cul3_Pf4,Cul3,Pf4
Alg2_Ube2cbp,Alg2,Ube2cbp
Ube2m_Mmp12,Ube2m,Mmp12
Mapk14_Clec4d,Mapk14,Clec4d
Chmp5_Creg1,Chmp5,Creg1
Pias1_Rap2a,Pias1,Rap2a
Rb1_Atad2,Rb1,Atad2
Pias1_Lipa,Pias1,Lipa
Dda1_Lima1,Dda1,Lima1
Rbm14_Saa3,Rbm14,Saa3
Dnajc8_Chrna5,Dnajc8,Chrna5
Wdr36_Fubp1,Wdr36,Fubp1
Sbno2_Tnfaip2,Sbno2,Tnfaip2
Hnrnpu_Blvrb,Hnrnpu,Blvrb
Taf5l_Npy,Taf5l,Npy
Atp6v1e1_Lipa,Atp6v1e1,Lipa
Vps72_C3,Vps72,C3
Mapk14_H3f3b,Mapk14,H3f3b
Mtor_Cd44,Mtor,Cd44
Dcaf13_Calr,Dcaf13,Calr
Sephs1_Cyb5r1,Sephs1,Cyb5r1
Nprl2_Manf,Nprl2,Manf
Srsf10_Tbrg1,Srsf10,Tbrg1
Atg9a_Polr2a,Atg9a,Polr2a
Ankrd11_S100a10,Ankrd11,S100a10
Cd14_Cav1,Cd14,Cav1
Rpp21_Mthfd2,Rpp21,Mthfd2
Cul3_Trim30c,Cul3,Trim30c
Ly96_Tgm2,Ly96,Tgm2
Trappc1_Pilra,Trappc1,Pilra
Actr2_Clec4n,Actr2,Clec4n
Ctcf_Fgd2,Ctcf,Fgd2
Top3a_Il15,Top3a,Il15
Tpr_Cdc42ep2,Tpr,Cdc42ep2
Rhoa_Cd44,Rhoa,Cd44
Vps41_Selenow,Vps41,Selenow
Hsp90b1_Clec4n,Hsp90b1,Clec4n
Irf8_Phlpp1,Irf8,Phlpp1
Snx14_Creg1,Snx14,Creg1
Prpf19_Prdx5,Prpf19,Prdx5
Elavl1_Actb,Elavl1,Actb
Nfkbiz_S100a1,Nfkbiz,S100a1
Wdr48_Mmp12,Wdr48,Mmp12
Fzr1_Taldo1,Fzr1,Taldo1
Rc3h1_C3,Rc3h1,C3
Wdr1_Nsun2,Wdr1,Nsun2
Rheb_Lztfl1,Rheb,Lztfl1
Ncor2_Cpe,Ncor2,Cpe
Jak1_Gbp2,Jak1,Gbp2
Atp6v1a_Psma6,Atp6v1a,Psma6
Ric1_Gm8369,Ric1,Gm8369
Cnot2_Sorl1,Cnot2,Sorl1
Ankrd11_Cotl1,Ankrd11,Cotl1
Derl2_Pdia3,Derl2,Pdia3
Ylpm1_Col1a2,Ylpm1,Col1a2
2310011J03Rik_Gngt2,2310011J03Rik,Gngt2
Cul1_Ahsa1,Cul1,Ahsa1
Rcl1_Abca1,Rcl1,Abca1
Hsp90b1_Uchl1,Hsp90b1,Uchl1
Irf2_Saa3,Irf2,Saa3
Igbp1_Klhl24,Igbp1,Klhl24
Usp7_Prdx6,Usp7,Prdx6
Yy1_Gapdh,Yy1,Gapdh
Srsf7_Saa3,Srsf7,Saa3
Pias1_Tnfrsf21,Pias1,Tnfrsf21
Lamtor4_Gpc1,Lamtor4,Gpc1
Smarcd2_Gm47507,Smarcd2,Gm47507
Cct7_Saa3,Cct7,Saa3
Wtap_Ccrl2,Wtap,Ccrl2
Mms22l_Elk3,Mms22l,Elk3
Rpn2_Hspa5,Rpn2,Hspa5
Rnf40_Shb,Rnf40,Shb
Fermt3_Ecpas,Fermt3,Ecpas
Vps33a_Ftl1,Vps33a,Ftl1
Dda1_Exoc6b,Dda1,Exoc6b
Dync1i2_Fmr1,Dync1i2,Fmr1
Polr1f_Serpinb6a,Polr1f,Serpinb6a
Tcp1_AA467197,Tcp1,AA467197
Nelfb_H3f3b,Nelfb,H3f3b
Emc7_Gpnmb,Emc7,Gpnmb
Trem2_Stmn1,Trem2,Stmn1
Cog8_Ifit3b,Cog8,Ifit3b
Setd2_Cxcl1,Setd2,Cxcl1
Nkap_Igsf6,Nkap,Igsf6
Plrg1_Lfng,Plrg1,Lfng
Oxsr1_Hivep3,Oxsr1,Hivep3
Gtf2a2_Ifit3,Gtf2a2,Ifit3
Tubg1_Cmpk2,Tubg1,Cmpk2
Nckap1l_Rnf213,Nckap1l,Rnf213
Dpy30_Lmna,Dpy30,Lmna
Vhl_Bnip3,Vhl,Bnip3
Dcaf7_Mtdh,Dcaf7,Mtdh
Ncor2_Maf,Ncor2,Maf
Rpl26_Nampt,Rpl26,Nampt
Junb_Gapdh,Junb,Gapdh
Nfyc_Tes,Nfyc,Tes
Dync1i2_Etv3,Dync1i2,Etv3
Rptor_C1qb,Rptor,C1qb
Traf2_Ctsk,Traf2,Ctsk
Tpr_Rsad2,Tpr,Rsad2
Trrap_Sec11c,Trrap,Sec11c
Ints9_Ptpn6,Ints9,Ptpn6
Spop_Selenow,Spop,Selenow
Rpl26_Fgl2,Rpl26,Fgl2
Mphosph10_Gm5150,Mphosph10,Gm5150
Rps26_1700017B05Rik,Rps26,1700017B05Rik
Paf1_Fcgr2b,Paf1,Fcgr2b
Arpc3_Rap2a,Arpc3,Rap2a
Pgm3_Krtcap2,Pgm3,Krtcap2
Prpf38b_Lmo2,Prpf38b,Lmo2
Qars_Zup1,Qars,Zup1
Rel_Csf3,Rel,Csf3
Atp6v1e1_Rhoc,Atp6v1e1,Rhoc
Meaf6_Traf1,Meaf6,Traf1
Rab7_Pmp22,Rab7,Pmp22
Ppp2r1a_Igtp,Ppp2r1a,Igtp
Strip1_Thbs1,Strip1,Thbs1
Atp6v0e_H2-Q7,Atp6v0e,H2-Q7
Arpc3_Zmym2,Arpc3,Zmym2
Mideas_Hspa1a,Mideas,Hspa1a
Tut1_S100a6,Tut1,S100a6
Cop1_Hsp90ab1,Cop1,Hsp90ab1
Mau2_Pla2g12a,Mau2,Pla2g12a
Scap_Clec4a1,Scap,Clec4a1
Ylpm1_Rab34,Ylpm1,Rab34
Rbck1_Clec4e,Rbck1,Clec4e
Polr2i_Kctd12,Polr2i,Kctd12
Fth1_Rnf103,Fth1,Rnf103
Rhoa_Gm20125,Rhoa,Gm20125
Gins3_Eif2s3y,Gins3,Eif2s3y
Zfp36_Snhg15,Zfp36,Snhg15
Fzr1_Ccng1,Fzr1,Ccng1
Rae1_Ppip5k1,Rae1,Ppip5k1
Copz1_Gpnmb,Copz1,Gpnmb
Smarcd2_Clec4a3,Smarcd2,Clec4a3
Cnot2_Calr,Cnot2,Calr
Ss18_BC051226,Ss18,BC051226
Ubr4_N6amt1,Ubr4,N6amt1
Rbm14_Cxcl2,Rbm14,Cxcl2
Dpy30_Slc4a7,Dpy30,Slc4a7
Prpf19_Psma6,Prpf19,Psma6
Sptssa_Vcan,Sptssa,Vcan
Clp1_Ccrl2,Clp1,Ccrl2
Gspt1_H2-Q7,Gspt1,H2-Q7
Mapk14_Esd,Mapk14,Esd
Naa35_Cd36,Naa35,Cd36
Ube2h_Hsp90b1,Ube2h,Hsp90b1
Tgif1_Alas1,Tgif1,Alas1
Prpf6_Nol8,Prpf6,Nol8
Hdac3_Lgals3,Hdac3,Lgals3
Irf9_Smox,Irf9,Smox
Sec62_H3f3b,Sec62,H3f3b
Pi4kb_Tnfaip8l2,Pi4kb,Tnfaip8l2
Atp6v1e1_1700007L15Rik,Atp6v1e1,1700007L15Rik
Top3a_Ccl9,Top3a,Ccl9
Kat8_Il6st,Kat8,Il6st
Irf2_Ran,Irf2,Ran
Arpc2_Tnfrsf23,Arpc2,Tnfrsf23
Xpo1_Hsp90ab1,Xpo1,Hsp90ab1
Arih1_Hivep3,Arih1,Hivep3
Prdm1_Maf,Prdm1,Maf
Mau2_Hpgds,Mau2,Hpgds
Rb1_Il7r,Rb1,Il7r
Lamtor2_Glrx,Lamtor2,Glrx
Dcaf7_Uchl1,Dcaf7,Uchl1
Dcaf13_Mylk,Dcaf13,Mylk
Polr1f_Pak1,Polr1f,Pak1
Ptpa_Blnk,Ptpa,Blnk
Nrbf2_Prdx1,Nrbf2,Prdx1
Exosc7_Fosl2,Exosc7,Fosl2
Ddb1_Phlda3,Ddb1,Phlda3
Slc33a1_Ifih1,Slc33a1,Ifih1
Sec63_Rpn1,Sec63,Rpn1
Chmp3_Acsl5,Chmp3,Acsl5
Leng8_Polr2g,Leng8,Polr2g
Igbp1_Krtcap2,Igbp1,Krtcap2
Pdcd10_Il7r,Pdcd10,Il7r
Cct4_Reep3,Cct4,Reep3
Lamtor4_Map1b,Lamtor4,Map1b
Mcm4_Ppm1k,Mcm4,Ppm1k
Vhl_D630023F18Rik,Vhl,D630023F18Rik
Usp9x_Coq8a,Usp9x,Coq8a
Cdkn1a_Bcl6,Cdkn1a,Bcl6
Ash2l_C1qb,Ash2l,C1qb
Fth1_Sqstm1,Fth1,Sqstm1
Tirap_Lrrc25,Tirap,Lrrc25
Stk11_Naf1,Stk11,Naf1
Med25_Tpi1,Med25,Tpi1
Meaf6_Glrx,Meaf6,Glrx
Ppp6c_Smim19,Ppp6c,Smim19
Ncor2_Selenow,Ncor2,Selenow
Scap_Ctsc,Scap,Ctsc
Mbtps2_Mmp12,Mbtps2,Mmp12
Sars_Lgals3,Sars,Lgals3
Rps3_Clip1,Rps3,Clip1
Dpm1_Iigp1,Dpm1,Iigp1
Dr1_Clec4e,Dr1,Clec4e
Rnf40_Col23a1,Rnf40,Col23a1
Cul3_Prdx1,Cul3,Prdx1
Suz12_Rbms1,Suz12,Rbms1
Ppp2r1a_Ddit3,Ppp2r1a,Ddit3
Il10ra_Cxcl2,Il10ra,Cxcl2
Traf3_Ifi30,Traf3,Ifi30
Rbbp6_Selenow,Rbbp6,Selenow
Pdcd10_Cd44,Pdcd10,Cd44
Sec63_Fcgr2b,Sec63,Fcgr2b
Kdsr_Uchl1,Kdsr,Uchl1
Ppp2r2a_Ccl9,Ppp2r2a,Ccl9
Telo2_Clec7a,Telo2,Clec7a
Hsp90ab1_Ebi3,Hsp90ab1,Ebi3
Smc3_Prdx5,Smc3,Prdx5
Trappc1_Cxcl2,Trappc1,Cxcl2
Prpf40a_Spats2,Prpf40a,Spats2
Mnt_Selplg,Mnt,Selplg
Cmtr1_Creg1,Cmtr1,Creg1
Runx1_Nedd4,Runx1,Nedd4
Jtb_Cd300a,Jtb,Cd300a
Stag2_Reps1,Stag2,Reps1
Egln1_Pdia3,Egln1,Pdia3
Cog3_Prdx5,Cog3,Prdx5
Eif2s1_Hipk1,Eif2s1,Hipk1
Atf4_Lgals3,Atf4,Lgals3
Ppp2r1a_Calr,Ppp2r1a,Calr
Cop1_Trappc9,Cop1,Trappc9
Derl2_Cmpk2,Derl2,Cmpk2
Sart3_Dhrs11,Sart3,Dhrs11
Ddx5_Tpm2,Ddx5,Tpm2
Cdc42_Cd63,Cdc42,Cd63
Tln1_Cd72,Tln1,Cd72
Prpf6_Ociad2,Prpf6,Ociad2
Pgm3_Sqstm1,Pgm3,Sqstm1
Sec62_Fosl2,Sec62,Fosl2
Rbm15_B4galt5,Rbm15,B4galt5
Cul3_Grcc10,Cul3,Grcc10
Jtb_Sqstm1,Jtb,Sqstm1
Actl6a_Fzd1,Actl6a,Fzd1
Tbk1_Lacc1,Tbk1,Lacc1
Vhl_Spryd7,Vhl,Spryd7
Irf9_Bcl2l11,Irf9,Bcl2l11
Gpn2_Maf,Gpn2,Maf
Hyou1_Ifit2,Hyou1,Ifit2
Pten_Serpinb6b,Pten,Serpinb6b
Dph3_C1qb,Dph3,C1qb
Hsp90b1_Fxyd2,Hsp90b1,Fxyd2
Aip_Map4k4,Aip,Map4k4
Ash2l_2310009B15Rik,Ash2l,2310009B15Rik
Rbck1_Plxdc2,Rbck1,Plxdc2
Sars_Krtcap2,Sars,Krtcap2
Tmem258_Hspa5,Tmem258,Hspa5
Exoc5_H2-Q7,Exoc5,H2-Q7
Psmg4_Mmp12,Psmg4,Mmp12
Med25_Ckb,Med25,Ckb
Snx14_Gpnmb,Snx14,Gpnmb
Becn1_Ttc17,Becn1,Ttc17
Tnfrsf1a_Apobec1,Tnfrsf1a,Apobec1
Tyrobp_Sec11c,Tyrobp,Sec11c
Lamtor2_Selenow,Lamtor2,Selenow
Eftud2_Maf,Eftud2,Maf
Atg9a_H2-Ab1,Atg9a,H2-Ab1
Uvrag_Oasl1,Uvrag,Oasl1
Exoc5_Odc1,Exoc5,Odc1
Rbbp6_Glipr1,Rbbp6,Glipr1
Atf4_B4galt6,Atf4,B4galt6
Rpl35_Mir22hg,Rpl35,Mir22hg
Axin1_Hmces,Axin1,Hmces
Ncbp1_Ifi27,Ncbp1,Ifi27
Usp9x_Sqstm1,Usp9x,Sqstm1
Ube2h_Gngt2,Ube2h,Gngt2
Dohh_Kctd12,Dohh,Kctd12
Nelfb_Cd36,Nelfb,Cd36
Cmtr1_Odc1,Cmtr1,Odc1
Kat8_Ptafr,Kat8,Ptafr
Atg101_Erich2os,Atg101,Erich2os
Trem2_Prrc2b,Trem2,Prrc2b
Sars_Gm44418,Sars,Gm44418
Ankrd11_Itgal,Ankrd11,Itgal
Ccdc22_Cd200r1,Ccdc22,Cd200r1
Kat8_Saa3,Kat8,Saa3
Gtf2h1_Selenow,Gtf2h1,Selenow
Tgif1_Cdkn2d,Tgif1,Cdkn2d
Spc24_Akr1a1,Spc24,Akr1a1
Ogt_Rsad2,Ogt,Rsad2
Rpl35_Dnajb9,Rpl35,Dnajb9
Rae1_Ctsl,Rae1,Ctsl
Cnot1_Notch1,Cnot1,Notch1
Gspt1_Slc3a2,Gspt1,Slc3a2
Ndc80_Rnf128,Ndc80,Rnf128
Ippk_Creg1,Ippk,Creg1
Kars_Gbp2,Kars,Gbp2
Ddx6_Ms4a4c,Ddx6,Ms4a4c
Nelfcd_Sec24a,Nelfcd,Sec24a
Exoc5_H2-Ab1,Exoc5,H2-Ab1
Psmd4_Mllt11,Psmd4,Mllt11
Ctdspl2_Slfn4,Ctdspl2,Slfn4
Srrd_Sqstm1,Srrd,Sqstm1
Gnb2_Uchl1,Gnb2,Uchl1
Abi1_Hacd3,Abi1,Hacd3
Rbm15_Slc12a9,Rbm15,Slc12a9
Vps4b_Prdx6,Vps4b,Prdx6
Heatr1_Prdx1,Heatr1,Prdx1
Heatr1_Chst11,Heatr1,Chst11
Kdm1a_Atp6v0d2,Kdm1a,Atp6v0d2
Gtf2h1_Etnk1,Gtf2h1,Etnk1
Dpy30_Marcksl1,Dpy30,Marcksl1
Ttc1_Ctsh,Ttc1,Ctsh
Gins3_Gm5150,Gins3,Gm5150
Hspa4_Krtcap2,Hspa4,Krtcap2
Rptor_Malt1,Rptor,Malt1
Axin1_Ptgs1,Axin1,Ptgs1
Usp7_Rfc5,Usp7,Rfc5
Cct7_Fcgr2b,Cct7,Fcgr2b
Rbck1_Patj,Rbck1,Patj
Suz12_Vma21,Suz12,Vma21
Cd14_Heca,Cd14,Heca
Nop16_Nfe2l2,Nop16,Nfe2l2
Sec62_Il1rn,Sec62,Il1rn
Rpl4_Ftl1-ps1,Rpl4,Ftl1-ps1
Snapc3_Hspa1b,Snapc3,Hspa1b
Sec63_Lpxn,Sec63,Lpxn
Prpf6_Vegfa,Prpf6,Vegfa
Cct2_Cmpk2,Cct2,Cmpk2
Nolc1_Smpdl3a,Nolc1,Smpdl3a
Sec63_Calr,Sec63,Calr
Ylpm1_Il1rn,Ylpm1,Il1rn
Ubr4_S100a11,Ubr4,S100a11
Bap1_Mmp12,Bap1,Mmp12
Traf6_Cenpa,Traf6,Cenpa
Dhx15_Ranbp2,Dhx15,Ranbp2
Atp6v0e_Cd53,Atp6v0e,Cd53
Toe1_Dcxr,Toe1,Dcxr
Tnpo3_St3gal5,Tnpo3,St3gal5
Ppp2r3c_Blvrb,Ppp2r3c,Blvrb
Tpt1_Adgre5,Tpt1,Adgre5
Wdr70_Gan,Wdr70,Gan
Dohh_Mir22hg,Dohh,Mir22hg
Sec13_H2-Q7,Sec13,H2-Q7
Ctcf_Prdx6,Ctcf,Prdx6
Med20_Ptafr,Med20,Ptafr
Wdr48_Ccl2,Wdr48,Ccl2
Myc_Smyd3,Myc,Smyd3
Nrbp1_Gngt2,Nrbp1,Gngt2
Nelfb_Utp14b,Nelfb,Utp14b
Atg9a_Acod1,Atg9a,Acod1
Lamtor4_Lgals3,Lamtor4,Lgals3
Ing3_S100a10,Ing3,S100a10
Igbp1_Mtdh,Igbp1,Mtdh
Srsf7_Rab32,Srsf7,Rab32
Pik3r4_Akr1a1,Pik3r4,Akr1a1
Brd2_Sqstm1,Brd2,Sqstm1
Pten_Zfand4,Pten,Zfand4
Uxt_Ccr5,Uxt,Ccr5
Leng8_Fos,Leng8,Fos
Atg101_Il6,Atg101,Il6
Atp6ap2_Pf4,Atp6ap2,Pf4
Adnp_Lgals3,Adnp,Lgals3
Mafb_Lmna,Mafb,Lmna
Tlr4_Selenow,Tlr4,Selenow
Eny2_Pdia3,Eny2,Pdia3
Cop1_Pf4,Cop1,Pf4
Tirap_Mospd2,Tirap,Mospd2
Msto1_Slc26a4,Msto1,Slc26a4
Sart3_Kctd12,Sart3,Kctd12
Brd2_Hexim1,Brd2,Hexim1
Pdcd10_Flrt3,Pdcd10,Flrt3
Setd2_Ccl2,Setd2,Ccl2
Nckap1l_Ms4a6b,Nckap1l,Ms4a6b
Qars_Phlpp1,Qars,Phlpp1
Top3a_Syngr1,Top3a,Syngr1
Eif2s1_Mt2,Eif2s1,Mt2
Wdr43_Arfgef2,Wdr43,Arfgef2
Jak1_Ifit2,Jak1,Ifit2
Cd14_Rnf19a,Cd14,Rnf19a
Nckap1l_Hilpda,Nckap1l,Hilpda
Ddx18_Creg1,Ddx18,Creg1
Tpr_H2-Ab1,Tpr,H2-Ab1
Dync1h1_Tnfsf4,Dync1h1,Tnfsf4
Hnrnpu_Sqstm1,Hnrnpu,Sqstm1
Cul3_Ctsh,Cul3,Ctsh
Nol10_B3gnt8,Nol10,B3gnt8
Arih1_Pilra,Arih1,Pilra
Ifnar1_Plcd1,Ifnar1,Plcd1
Cmtr1_Cd164,Cmtr1,Cd164
Nolc1_Cacna1d,Nolc1,Cacna1d
Hnrnpu_Lacc1,Hnrnpu,Lacc1
Plrg1_Anxa3,Plrg1,Anxa3
Dpm2_Aif1,Dpm2,Aif1
Ccdc22_Fcgr4,Ccdc22,Fcgr4
Kdm1a_Tpd52l1,Kdm1a,Tpd52l1
Cul2_Tpi1,Cul2,Tpi1
Atxn7l3_Cd63,Atxn7l3,Cd63
Eif2s1_Cyb5r1,Eif2s1,Cyb5r1
Il10ra_Ctsh,Il10ra,Ctsh
Ddx5_Alcam,Ddx5,Alcam
Snx14_Mmp12,Snx14,Mmp12
Stk11_Clec4e,Stk11,Clec4e
Srsf7_Gadd45g,Srsf7,Gadd45g
Ints1_Sqstm1,Ints1,Sqstm1
Uxt_Saa3,Uxt,Saa3
Pten_Gpr84,Pten,Gpr84
Top3a_Cxcl2,Top3a,Cxcl2
Dync1i2_Ifit2,Dync1i2,Ifit2
Leng1_Actb,Leng1,Actb
Myc_Ftl1-ps1,Myc,Ftl1-ps1
Smg5_Cox6a2,Smg5,Cox6a2
Irf2_Gbp3,Irf2,Gbp3
Ly96_Il1b,Ly96,Il1b
Mphosph10_Maf,Mphosph10,Maf
Eif1ad_Lgals3,Eif1ad,Lgals3
Usp9x_Akr1b3,Usp9x,Akr1b3
Trappc1_Camsap2,Trappc1,Camsap2
Ube4b_Ccr5,Ube4b,Ccr5
Txnl4a_Acod1,Txnl4a,Acod1
Mphosph10_Prkn,Mphosph10,Prkn
Ss18_Col18a1,Ss18,Col18a1
Dync1i2_Mmp12,Dync1i2,Mmp12
Tubg1_Oasl1,Tubg1,Oasl1
Wtap_Car5b,Wtap,Car5b
Rel_Nherf1,Rel,Nherf1
Tbc1d10b_Lgals3,Tbc1d10b,Lgals3
Wdr48_Cep83,Wdr48,Cep83
Irak4_Foxp1,Irak4,Foxp1
Cct7_Tspan3,Cct7,Tspan3
Rraga_Odc1,Rraga,Odc1
Spop_Car2,Spop,Car2
Il10rb_Ifitm2,Il10rb,Ifitm2
Chmp6_Malt1,Chmp6,Malt1
Tbc1d10b_Odc1,Tbc1d10b,Odc1
Leng1_Syngr1,Leng1,Syngr1
Spc24_Cacna1d,Spc24,Cacna1d
Snx13_Gpnmb,Snx13,Gpnmb
Wdr70_Arhgap6,Wdr70,Arhgap6
Psmd13_Pbx1,Psmd13,Pbx1
Eif2s1_Trib3,Eif2s1,Trib3
Egln1_Brd2,Egln1,Brd2
Prpf19_Adssl1,Prpf19,Adssl1
Tnpo3_S100a10,Tnpo3,S100a10
Rb1cc1_Polr2a,Rb1cc1,Polr2a
Polr1f_Gbp8,Polr1f,Gbp8
Eny2_Crip1,Eny2,Crip1
Atg101_Polr2g,Atg101,Polr2g
Dpm1_Chpf,Dpm1,Chpf
Pgm3_Cd72,Pgm3,Cd72
Klf6_Coro2a,Klf6,Coro2a
Sfpq_D17H6S56E-5,Sfpq,D17H6S56E-5
Irak4_Clec4e,Irak4,Clec4e
Nkap_Serpinb6a,Nkap,Serpinb6a
Alg2_Cyb5r1,Alg2,Cyb5r1
Rps5_Tmem176b,Rps5,Tmem176b
Mapkapk2_Gbe1,Mapkapk2,Gbe1
Tcp1_Acod1,Tcp1,Acod1
Rtf1_Pou3f1,Rtf1,Pou3f1
Trappc8_Doc2g,Trappc8,Doc2g
Psmd13_Uchl1,Psmd13,Uchl1
2310011J03Rik_Taldo1,2310011J03Rik,Taldo1
Mcm4_H2-Q7,Mcm4,H2-Q7
Leng8_Tubb6,Leng8,Tubb6
Prdm1_Clec4d,Prdm1,Clec4d
Ehmt2_Pdcd4,Ehmt2,Pdcd4
Bag6_Etnk1,Bag6,Etnk1
Srsf1_Cd68,Srsf1,Cd68
Gins4_Cd36,Gins4,Cd36
Tcp1_Gyg,Tcp1,Gyg
Tyk2_Ms4a4c,Tyk2,Ms4a4c
Acin1_Cotl1,Acin1,Cotl1
Mafb_Sqstm1,Mafb,Sqstm1
Ptpa_Il15,Ptpa,Il15
Spout1_Gusb,Spout1,Gusb
Pfn1_Stap1,Pfn1,Stap1
Cwc25_Ctsl,Cwc25,Ctsl
Dr1_Galnt7,Dr1,Galnt7
Wdr3_Ust,Wdr3,Ust
Aip_Adssl1,Aip,Adssl1
Atf4_Gpnmb,Atf4,Gpnmb
Yy1_C3,Yy1,C3
Wdr61_Ddit3,Wdr61,Ddit3
Exosc7_Gapdh,Exosc7,Gapdh
Stag2_Gm1673,Stag2,Gm1673
Rpap2_Hsp90b1,Rpap2,Hsp90b1
Polr2i_Polr2a,Polr2i,Polr2a
Dcaf7_Ms4a6b,Dcaf7,Ms4a6b
Ppp2r2a_Icam1,Ppp2r2a,Icam1
Smg5_Zfas1,Smg5,Zfas1
Chmp3_Hsp90ab1,Chmp3,Hsp90ab1
Rps19_Gls,Rps19,Gls
Trem2_Trem2,Trem2,Trem2
Ctcf_Misp,Ctcf,Misp
Nprl2_Smim36,Nprl2,Smim36
Il10ra_Lima1,Il10ra,Lima1
Ube4b_Hmgn1,Ube4b,Hmgn1
Sptlc1_Dhcr24,Sptlc1,Dhcr24
Tyk2_Lyz1,Tyk2,Lyz1
Bop1_Rabac1,Bop1,Rabac1
Rb1cc1_Sec11c,Rb1cc1,Sec11c
Mta2_Creg1,Mta2,Creg1
Dpy30_Ifrd1,Dpy30,Ifrd1
Cdc42_Plaur,Cdc42,Plaur
Cfdp1_Clec4e,Cfdp1,Clec4e
Cbfb_Npy,Cbfb,Npy
Sptssa_Ifitm6,Sptssa,Ifitm6
Bcl6_Slamf9,Bcl6,Slamf9
Dda1_Inpp5f,Dda1,Inpp5f
Fermt3_Cacna1d,Fermt3,Cacna1d
Mettl3_Fcgr2b,Mettl3,Fcgr2b
Tmem258_Ddit3,Tmem258,Ddit3
Meaf6_Prdx1,Meaf6,Prdx1
Jtb_Stk17b,Jtb,Stk17b
Fth1_Oasl1,Fth1,Oasl1
Chmp5_Bcl2a1a,Chmp5,Bcl2a1a
Eif2s1_Chchd10,Eif2s1,Chchd10
Usp9x_Gm30329,Usp9x,Gm30329
Irak4_Psma6,Irak4,Psma6
Elavl1_Ppfibp2,Elavl1,Ppfibp2
Daxx_Hspa1a,Daxx,Hspa1a
Pgm3_Ddit3,Pgm3,Ddit3
Wdr75_Psd3,Wdr75,Psd3
Mms22l_Slamf9,Mms22l,Slamf9
Stk11_Ern1,Stk11,Ern1
Rngtt_Acp5,Rngtt,Acp5
Med20_Pdia3,Med20,Pdia3
Rps5_Marcks,Rps5,Marcks
Med25_Ttyh2,Med25,Ttyh2
Uvrag_C3,Uvrag,C3
Nolc1_Sqstm1,Nolc1,Sqstm1
Pfdn6_Saa3,Pfdn6,Saa3
Gins4_Rmdn3,Gins4,Rmdn3
Rhoa_B3gnt8,Rhoa,B3gnt8
Dcaf7_Fpr2,Dcaf7,Fpr2
Ptpa_Prss50,Ptpa,Prss50
Rpap2_Acod1,Rpap2,Acod1
Ube2m_Gls,Ube2m,Gls
Fermt3_Cd72,Fermt3,Cd72
Cul2_Pgm1,Cul2,Pgm1
Zfp207_Ifit3,Zfp207,Ifit3
Usp39_Thoc5,Usp39,Thoc5
Wnk1_Fcgr2b,Wnk1,Fcgr2b
Syvn1_Herpud1,Syvn1,Herpud1
Nprl2_Pf4,Nprl2,Pf4
Tsc2_Lgals3,Tsc2,Lgals3
Bap1_Npy,Bap1,Npy
Ncor2_Ahnak,Ncor2,Ahnak
Rheb_Cxcl2,Rheb,Cxcl2
Egln1_Fam162a,Egln1,Fam162a
Mphosph10_Tlr2,Mphosph10,Tlr2
Cog5_Fh1,Cog5,Fh1
Rraga_S100a11,Rraga,S100a11
Wnk1_Mt1,Wnk1,Mt1
Wtap_Lipa,Wtap,Lipa
Traf3_Tcf4,Traf3,Tcf4
Hyou1_Hspa5,Hyou1,Hspa5
Cul2_Galk1,Cul2,Galk1
Fbxo11_Usp1,Fbxo11,Usp1
Psmd13_Pcdh7,Psmd13,Pcdh7
Cct2_Prune2,Cct2,Prune2
Ints1_Rusc2,Ints1,Rusc2
Rbbp6_Creg1,Rbbp6,Creg1
Fbxo11_Bcl6,Fbxo11,Bcl6
Cog5_Cacna1a,Cog5,Cacna1a
Kat5_Clec4d,Kat5,Clec4d
Tut1_Lmna,Tut1,Lmna
Rnf40_Stxbp3,Rnf40,Stxbp3
Pias1_Il1b,Pias1,Il1b
Strap_St3gal5,Strap,St3gal5
Mbd2_Igtp,Mbd2,Igtp
Cwc25_Mdc1,Cwc25,Mdc1
Nipbl_Lmna,Nipbl,Lmna
Rpl26_Bud23,Rpl26,Bud23
Trappc8_Ift20,Trappc8,Ift20
Hspa4_Hspa1b,Hspa4,Hspa1b
Srsf7_Ppic,Srsf7,Ppic
Cul1_Slc12a9,Cul1,Slc12a9
Irf8_Hectd2os,Irf8,Hectd2os
Smarcd2_Ptpro,Smarcd2,Ptpro
Txnl4a_Styx,Txnl4a,Styx
Vps39_Hipk3,Vps39,Hipk3
Cmtr1_Trem2,Cmtr1,Trem2
Kat5_Hspa1a,Kat5,Hspa1a
Mideas_Arl11,Mideas,Arl11
Daxx_Rilpl1,Daxx,Rilpl1
Kat5_Prdx6,Kat5,Prdx6
Egln1_Cotl1,Egln1,Cotl1
Mms22l_Cd300lb,Mms22l,Cd300lb
Ylpm1_Ifit2,Ylpm1,Ifit2
Tnpo3_Mmp12,Tnpo3,Mmp12
Gosr2_Gbf1,Gosr2,Gbf1
Leng8_Id3,Leng8,Id3
Kdsr_H2-Q7,Kdsr,H2-Q7
Gnb2_Hif1a,Gnb2,Hif1a
Dcaf7_Cd36,Dcaf7,Cd36
Gnb2_Plaur,Gnb2,Plaur
Wnk1_Fxyd2,Wnk1,Fxyd2
Actr10_Maf,Actr10,Maf
Vps4b_Cmpk2,Vps4b,Cmpk2
Leng1_Cd72,Leng1,Cd72
Zbtb17_Ly86,Zbtb17,Ly86
Srsf10_Gm14461,Srsf10,Gm14461
Ogt_Brd2,Ogt,Brd2
Hyou1_Bbln,Hyou1,Bbln
Ss18_Sgms1,Ss18,Sgms1
Tlr4_Cdkn2a,Tlr4,Cdkn2a
Uxt_Creg1,Uxt,Creg1
Gins2_Ftl1,Gins2,Ftl1
Nop16_Rsad2,Nop16,Rsad2
Rpp21_Lgals3,Rpp21,Lgals3
Fzr1_Gm56598,Fzr1,Gm56598
Cwc15_Cmpk2,Cwc15,Cmpk2
Csnk1a1_Eif4a2,Csnk1a1,Eif4a2
Ifnar1_Mast4,Ifnar1,Mast4
Dpm2_Hsp90b1,Dpm2,Hsp90b1
Rpl4_Ifitm2,Rpl4,Ifitm2
Rack1_Ppp1r14b,Rack1,Ppp1r14b
Rab7_Gpnmb,Rab7,Gpnmb
Nrbp1_Anxa1,Nrbp1,Anxa1
Rheb_Cd36,Rheb,Cd36
Dpy30_Lipa,Dpy30,Lipa
Rae1_Acod1,Rae1,Acod1
Tnfaip3_Uchl1,Tnfaip3,Uchl1
Lamtor4_Syngr1,Lamtor4,Syngr1
Nckap1l_Gpnmb,Nckap1l,Gpnmb
Copz1_Tmem163,Copz1,Tmem163
Atxn7l3_Pf4,Atxn7l3,Pf4
Sars_H2-M2,Sars,H2-M2
Rpn2_Gpr84,Rpn2,Gpr84
Derl2_Ostc,Derl2,Ostc
Tbk1_Emp3,Tbk1,Emp3
Tnpo3_Gpx4,Tnpo3,Gpx4
Rab7_Arhgap10,Rab7,Arhgap10
Bag6_Mmp14,Bag6,Mmp14
Slc7a6os_3010003L21Rik,Slc7a6os,3010003L21Rik
Rbm14_Slamf9,Rbm14,Slamf9
Ints1_Pik3r1,Ints1,Pik3r1
Atxn7l3_Gadd45b,Atxn7l3,Gadd45b
Kdsr_Ecpas,Kdsr,Ecpas
Sel1l_Pdia3,Sel1l,Pdia3
Yy1_Hsd17b10,Yy1,Hsd17b10
Nprl2_Osbpl8,Nprl2,Osbpl8
Uxt_Vma21,Uxt,Vma21
Uxt_Lgals3,Uxt,Lgals3
Dnajc8_Mylip,Dnajc8,Mylip
Gtf2a2_Dnajc3,Gtf2a2,Dnajc3
Rps19_Adam8,Rps19,Adam8
Rheb_Sec11c,Rheb,Sec11c
Fth1_Actb,Fth1,Actb
Trappc1_Actb,Trappc1,Actb
Mtor_Bhlhe41,Mtor,Bhlhe41
Adnp_Gbp6,Adnp,Gbp6
Dusp1_Npy,Dusp1,Npy
Ppp6c_Il1a,Ppp6c,Il1a
Tyk2_Ifit3,Tyk2,Ifit3
Syvn1_Dnajc3,Syvn1,Dnajc3
Sephs1_Cdk20,Sephs1,Cdk20
Atxn7l3_Ctsl,Atxn7l3,Ctsl
Actr2_Glipr1,Actr2,Glipr1
Mapkapk2_Polr2g,Mapkapk2,Polr2g
Nelfa_Rsad2,Nelfa,Rsad2
Chmp3_Il15,Chmp3,Il15
Fth1_Prdx1,Fth1,Prdx1
Hars_Postn,Hars,Postn
Rbbp6_Mir142hg,Rbbp6,Mir142hg
Wdr61_Saa3,Wdr61,Saa3
Ptpn11_Gm4924,Ptpn11,Gm4924
Cdc42_Cd9,Cdc42,Cd9
Il10rb_Tmed1,Il10rb,Tmed1
Scap_Serpine1,Scap,Serpine1
Gtf2h1_Asph,Gtf2h1,Asph
Klf6_Cd9,Klf6,Cd9
Leng1_Lacc1,Leng1,Lacc1
Jtb_Cxcl1,Jtb,Cxcl1
Vps33a_Tent5a,Vps33a,Tent5a
Ppp6c_5430402O13Rik,Ppp6c,5430402O13Rik
Tnfaip3_Arl5c,Tnfaip3,Arl5c
Rbck1_Asns,Rbck1,Asns
Rela_Pparg,Rela,Pparg
Sart3_Mypop,Sart3,Mypop
Cct7_Maf,Cct7,Maf
Runx1_C1qb,Runx1,C1qb
Rcl1_Aif1,Rcl1,Aif1
Dync1h1_Timp2,Dync1h1,Timp2
Dcaf7_Aif1,Dcaf7,Aif1
Setd2_Gde1,Setd2,Gde1
Wdr36_Prdx5,Wdr36,Prdx5
Med29_Msrb1,Med29,Msrb1
Traf2_Mmp9,Traf2,Mmp9
Virma_Six1,Virma,Six1
Emc3_Brd2,Emc3,Brd2
Nprl2_Fcgr2b,Nprl2,Fcgr2b
Daxx_Ifnb1,Daxx,Ifnb1
Tsc2_Prkar2b,Tsc2,Prkar2b
Ddx6_Lipa,Ddx6,Lipa
Top3a_Ifitm6,Top3a,Ifitm6
Yrdc_Trib3,Yrdc,Trib3
Ccdc22_Fabp4,Ccdc22,Fabp4
Fbxo11_Sqstm1,Fbxo11,Sqstm1
Wdr48_Ptpn6,Wdr48,Ptpn6
Taf5l_Hmox1,Taf5l,Hmox1
Paf1_Selenop,Paf1,Selenop
Mafb_C1qb,Mafb,C1qb
Actr6_Hspa5,Actr6,Hspa5
Traf2_S100a10,Traf2,S100a10
Ly96_Bcl2a1d,Ly96,Bcl2a1d
Ddx6_Asns,Ddx6,Asns
Wdr43_Marcks,Wdr43,Marcks
Ogdh_Pgk1,Ogdh,Pgk1
Zbtb17_Itgb5,Zbtb17,Itgb5
Arpc2_Slamf9,Arpc2,Slamf9
Dpm2_Npl,Dpm2,Npl
Dpm1_Adgb,Dpm1,Adgb
Igbp1_Plpp3,Igbp1,Plpp3
Dr1_Gm26797,Dr1,Gm26797
Sec13_Neat1,Sec13,Neat1
Ddx6_Clec4e,Ddx6,Clec4e
Ifnar1_Exoc6b,Ifnar1,Exoc6b
Ric1_Cxcl2,Ric1,Cxcl2
Nolc1_Sp3,Nolc1,Sp3
Xpo1_Klhl24,Xpo1,Klhl24
Chmp3_Hilpda,Chmp3,Hilpda
Tpr_Crim1,Tpr,Crim1
Wdr3_Cd36,Wdr3,Cd36
Cnot2_Ttc39c,Cnot2,Ttc39c
Nolc1_Pilra,Nolc1,Pilra
Tbk1_Mt1,Tbk1,Mt1
Mbtps2_Efr3b,Mbtps2,Efr3b
Cnot2_Il1rn,Cnot2,Il1rn
Chmp5_Uchl1,Chmp5,Uchl1
Gtf2a2_Cd36,Gtf2a2,Cd36
Il10ra_Odc1,Il10ra,Odc1
Atp6v1e1_Cdc42se2,Atp6v1e1,Cdc42se2
Gspt1_Ptpn12,Gspt1,Ptpn12
Tpt1_Npy,Tpt1,Npy
Ly96_Mtdh,Ly96,Mtdh
Tnfrsf1a_Arhgap15,Tnfrsf1a,Arhgap15
Psmd4_Creg1,Psmd4,Creg1
Rpl4_Cd36,Rpl4,Cd36
Ints9_Esd,Ints9,Esd
Atp6v1a_Sqstm1,Atp6v1a,Sqstm1
Sart3_Pcdh7,Sart3,Pcdh7
Setd2_Cd164,Setd2,Cd164
Cmtr1_Aif1,Cmtr1,Aif1
Ube2m_1110038B12Rik,Ube2m,1110038B12Rik
Tnpo3_Ythdf1,Tnpo3,Ythdf1
Ubr4_Mmp12,Ubr4,Mmp12
Rpn1_Ptk2,Rpn1,Ptk2
Atp6v1a_Cxcl2,Atp6v1a,Cxcl2
Trappc1_Ift20,Trappc1,Ift20
Chmp5_Gclm,Chmp5,Gclm
Jak1_Ifi47,Jak1,Ifi47
Myd88_Actb,Myd88,Actb
Ptpa_C3,Ptpa,C3
Dr1_Pdk1,Dr1,Pdk1
Usp39_Sod1,Usp39,Sod1
Cbfb_Ifit3,Cbfb,Ifit3
